-- MySQL dump 10.18  Distrib 10.3.27-MariaDB, for debian-linux-gnu (x86_64)
--
-- Host: localhost    Database: test_supraja
-- ------------------------------------------------------
-- Server version	10.3.27-MariaDB-0+deb10u1

/*!40101 SET @OLD_CHARACTER_SET_CLIENT=@@CHARACTER_SET_CLIENT */;
/*!40101 SET @OLD_CHARACTER_SET_RESULTS=@@CHARACTER_SET_RESULTS */;
/*!40101 SET @OLD_COLLATION_CONNECTION=@@COLLATION_CONNECTION */;
/*!40101 SET NAMES utf8mb4 */;
/*!40103 SET @OLD_TIME_ZONE=@@TIME_ZONE */;
/*!40103 SET TIME_ZONE='+00:00' */;
/*!40014 SET @OLD_UNIQUE_CHECKS=@@UNIQUE_CHECKS, UNIQUE_CHECKS=0 */;
/*!40014 SET @OLD_FOREIGN_KEY_CHECKS=@@FOREIGN_KEY_CHECKS, FOREIGN_KEY_CHECKS=0 */;
/*!40101 SET @OLD_SQL_MODE=@@SQL_MODE, SQL_MODE='NO_AUTO_VALUE_ON_ZERO' */;
/*!40111 SET @OLD_SQL_NOTES=@@SQL_NOTES, SQL_NOTES=0 */;

--
-- Table structure for table `AUTHOR`
--

DROP TABLE IF EXISTS `AUTHOR`;
/*!40101 SET @saved_cs_client     = @@character_set_client */;
/*!40101 SET character_set_client = utf8 */;
CREATE TABLE `AUTHOR` (
  `ID` int(1) NOT NULL,
  `FIRST_NAME` varchar(20) NOT NULL,
  `LAST_NAME` varchar(20) DEFAULT NULL,
  PRIMARY KEY (`ID`)
) ENGINE=InnoDB DEFAULT CHARSET=utf8mb4;
/*!40101 SET character_set_client = @saved_cs_client */;

--
-- Dumping data for table `AUTHOR`
--

LOCK TABLES `AUTHOR` WRITE;
/*!40000 ALTER TABLE `AUTHOR` DISABLE KEYS */;
INSERT INTO `AUTHOR` VALUES (1,'HORTSMAN','CAY S.'),(2,'JOHN PAUL','MULLER'),(3,'MIKE','CHAPPLE'),(4,'BARBARA','WALTER');
/*!40000 ALTER TABLE `AUTHOR` ENABLE KEYS */;
UNLOCK TABLES;

--
-- Table structure for table `BOOK`
--

DROP TABLE IF EXISTS `BOOK`;
/*!40101 SET @saved_cs_client     = @@character_set_client */;
/*!40101 SET character_set_client = utf8 */;
CREATE TABLE `BOOK` (
  `ID` int(1) NOT NULL,
  `NAME` varchar(40) NOT NULL,
  `ISBN` int(7) NOT NULL,
  `EDITION` int(1) DEFAULT NULL,
  PRIMARY KEY (`ID`)
) ENGINE=InnoDB DEFAULT CHARSET=utf8mb4;
/*!40101 SET character_set_client = @saved_cs_client */;

--
-- Dumping data for table `BOOK`
--

LOCK TABLES `BOOK` WRITE;
/*!40000 ALTER TABLE `BOOK` DISABLE KEYS */;
INSERT INTO `BOOK` VALUES (1,'PILIGRIM SOULS',9876011,1),(2,'PILIGRIM SOULS',9876011,2),(3,'PYTHON FOR DATA SCIENCE',9876012,1),(4,'PYTHON FOR DATA SCIENCE',9876012,1),(5,'PYTHON FOR DATA SCIENCE',9876012,1),(6,'C# 7.0 ALL-IN-ONE',9876016,1),(7,'C# 7.0 ALL-IN-ONE',9876016,2),(8,'C PROGRAMMING ALL-IN-ONE',9876017,3),(9,'C PROGRAMMING ALL-IN-ONE',9876017,3),(10,'JAVA PROGRAMMING',9876018,1);
/*!40000 ALTER TABLE `BOOK` ENABLE KEYS */;
UNLOCK TABLES;

--
-- Table structure for table `BOOK_DETAILS`
--

DROP TABLE IF EXISTS `BOOK_DETAILS`;
/*!40101 SET @saved_cs_client     = @@character_set_client */;
/*!40101 SET character_set_client = utf8 */;
CREATE TABLE `BOOK_DETAILS` (
  `BOOK_ID` int(1) NOT NULL,
  `AUTHOR_ID` int(1) NOT NULL,
  PRIMARY KEY (`BOOK_ID`,`AUTHOR_ID`),
  KEY `AUTHOR_ID` (`AUTHOR_ID`),
  CONSTRAINT `BOOK_DETAILS_ibfk_1` FOREIGN KEY (`BOOK_ID`) REFERENCES `BOOK` (`ID`),
  CONSTRAINT `BOOK_DETAILS_ibfk_2` FOREIGN KEY (`AUTHOR_ID`) REFERENCES `AUTHOR` (`ID`)
) ENGINE=InnoDB DEFAULT CHARSET=utf8mb4;
/*!40101 SET character_set_client = @saved_cs_client */;

--
-- Dumping data for table `BOOK_DETAILS`
--

LOCK TABLES `BOOK_DETAILS` WRITE;
/*!40000 ALTER TABLE `BOOK_DETAILS` DISABLE KEYS */;
INSERT INTO `BOOK_DETAILS` VALUES (1,1),(2,1),(3,4),(4,4),(5,4),(6,2),(7,2),(8,3),(9,3),(10,2);
/*!40000 ALTER TABLE `BOOK_DETAILS` ENABLE KEYS */;
UNLOCK TABLES;

--
-- Table structure for table `BOOK_REQUEST`
--

DROP TABLE IF EXISTS `BOOK_REQUEST`;
/*!40101 SET @saved_cs_client     = @@character_set_client */;
/*!40101 SET character_set_client = utf8 */;
CREATE TABLE `BOOK_REQUEST` (
  `DUE_DATE` date NOT NULL,
  `IS_ACTIVE` binary(1) DEFAULT NULL,
  `CUSTOMER_ID` int(3) NOT NULL,
  `BOOK_ID` int(1) NOT NULL,
  `LIBRARIAN_ID` int(5) NOT NULL,
  PRIMARY KEY (`BOOK_ID`,`CUSTOMER_ID`),
  KEY `CUSTOMER_ID` (`CUSTOMER_ID`),
  KEY `LIBRARIAN_ID` (`LIBRARIAN_ID`),
  CONSTRAINT `BOOK_REQUEST_ibfk_1` FOREIGN KEY (`CUSTOMER_ID`) REFERENCES `CUSTOMER` (`ID`),
  CONSTRAINT `BOOK_REQUEST_ibfk_2` FOREIGN KEY (`BOOK_ID`) REFERENCES `BOOK` (`ID`),
  CONSTRAINT `BOOK_REQUEST_ibfk_3` FOREIGN KEY (`LIBRARIAN_ID`) REFERENCES `LIBRARIANS` (`ID`)
) ENGINE=InnoDB DEFAULT CHARSET=utf8mb4;
/*!40101 SET character_set_client = @saved_cs_client */;

--
-- Dumping data for table `BOOK_REQUEST`
--

LOCK TABLES `BOOK_REQUEST` WRITE;
/*!40000 ALTER TABLE `BOOK_REQUEST` DISABLE KEYS */;
INSERT INTO `BOOK_REQUEST` VALUES ('2021-02-01','1',113,1,20211),('2021-01-28','1',116,3,20233),('2021-02-08','1',113,4,20233),('2021-01-08','0',113,5,20233),('2021-01-15','0',111,7,20211),('2021-02-11','1',116,8,20211);
/*!40000 ALTER TABLE `BOOK_REQUEST` ENABLE KEYS */;
UNLOCK TABLES;

--
-- Table structure for table `BOOK_REQUEST1`
--

DROP TABLE IF EXISTS `BOOK_REQUEST1`;
/*!40101 SET @saved_cs_client     = @@character_set_client */;
/*!40101 SET character_set_client = utf8 */;
CREATE TABLE `BOOK_REQUEST1` (
  `DUE_DATE` date NOT NULL,
  `IS_ACTIVE` binary(1) DEFAULT NULL,
  `CUSTOMER_ID` int(3) NOT NULL,
  `BOOK_ID` int(1) NOT NULL,
  `LIBRARIAN_ID` int(5) NOT NULL,
  KEY `CUSTOMER_ID` (`CUSTOMER_ID`),
  KEY `BOOK_ID` (`BOOK_ID`),
  KEY `LIBRARIAN_ID` (`LIBRARIAN_ID`),
  CONSTRAINT `BOOK_REQUEST1_ibfk_1` FOREIGN KEY (`CUSTOMER_ID`) REFERENCES `CUSTOMER` (`ID`),
  CONSTRAINT `BOOK_REQUEST1_ibfk_2` FOREIGN KEY (`BOOK_ID`) REFERENCES `BOOK` (`ID`),
  CONSTRAINT `BOOK_REQUEST1_ibfk_3` FOREIGN KEY (`LIBRARIAN_ID`) REFERENCES `LIBRARIANS` (`ID`)
) ENGINE=InnoDB DEFAULT CHARSET=utf8mb4;
/*!40101 SET character_set_client = @saved_cs_client */;

--
-- Dumping data for table `BOOK_REQUEST1`
--

LOCK TABLES `BOOK_REQUEST1` WRITE;
/*!40000 ALTER TABLE `BOOK_REQUEST1` DISABLE KEYS */;
INSERT INTO `BOOK_REQUEST1` VALUES ('2021-02-01','1',113,1,20211),('2021-02-11','1',116,8,20211),('2021-01-28','1',116,3,20233),('2021-01-15','0',111,7,20211),('2021-01-08','0',113,5,20233),('2021-02-08','1',113,4,20233);
/*!40000 ALTER TABLE `BOOK_REQUEST1` ENABLE KEYS */;
UNLOCK TABLES;

--
-- Table structure for table `COMPANY`
--

DROP TABLE IF EXISTS `COMPANY`;
/*!40101 SET @saved_cs_client     = @@character_set_client */;
/*!40101 SET character_set_client = utf8 */;
CREATE TABLE `COMPANY` (
  `ID` char(4) NOT NULL,
  `NAME` varchar(20) NOT NULL,
  `LOCATION` varchar(20) DEFAULT NULL,
  `INTERVIEW_DATE` date DEFAULT NULL,
  PRIMARY KEY (`ID`)
) ENGINE=InnoDB DEFAULT CHARSET=utf8mb4;
/*!40101 SET character_set_client = @saved_cs_client */;

--
-- Dumping data for table `COMPANY`
--

LOCK TABLES `COMPANY` WRITE;
/*!40000 ALTER TABLE `COMPANY` DISABLE KEYS */;
INSERT INTO `COMPANY` VALUES ('C001','MICROSOFT','BANGALORE','2020-08-01'),('C002','AMAZON','CHENNAI','2020-09-10'),('C003','FLIPKART','BANGALORE','2020-09-15'),('C004','HONEYWELL','HYDERABAD','2020-10-30'),('C005','ACCENTURE','CHENNAI','2020-11-30'),('C006','WIPRO','NOIDA','2020-12-31');
/*!40000 ALTER TABLE `COMPANY` ENABLE KEYS */;
UNLOCK TABLES;

--
-- Table structure for table `CUSTOMER`
--

DROP TABLE IF EXISTS `CUSTOMER`;
/*!40101 SET @saved_cs_client     = @@character_set_client */;
/*!40101 SET character_set_client = utf8 */;
CREATE TABLE `CUSTOMER` (
  `ID` int(3) NOT NULL,
  `NAME` varchar(20) NOT NULL,
  `ADDRESS` varchar(40) DEFAULT NULL,
  PRIMARY KEY (`ID`)
) ENGINE=InnoDB DEFAULT CHARSET=utf8mb4;
/*!40101 SET character_set_client = @saved_cs_client */;

--
-- Dumping data for table `CUSTOMER`
--

LOCK TABLES `CUSTOMER` WRITE;
/*!40000 ALTER TABLE `CUSTOMER` DISABLE KEYS */;
INSERT INTO `CUSTOMER` VALUES (111,'KALA','03 RANJITH ST'),(112,'AMY','6 HUDSON ST'),(113,'AJAY','56 MURUGAPPA ST'),(114,'BASKER','23 BLUE ST'),(115,'BELLA','10 NEW ST'),(116,'CYNTHIA','107 PARK ST'),(117,'ZARA','34 LOMBARD ST');
/*!40000 ALTER TABLE `CUSTOMER` ENABLE KEYS */;
UNLOCK TABLES;

--
-- Table structure for table `DEPARTMENT`
--

DROP TABLE IF EXISTS `DEPARTMENT`;
/*!40101 SET @saved_cs_client     = @@character_set_client */;
/*!40101 SET character_set_client = utf8 */;
CREATE TABLE `DEPARTMENT` (
  `ID` char(4) NOT NULL,
  `NAME` varchar(20) NOT NULL,
  PRIMARY KEY (`ID`)
) ENGINE=InnoDB DEFAULT CHARSET=utf8mb4;
/*!40101 SET character_set_client = @saved_cs_client */;

--
-- Dumping data for table `DEPARTMENT`
--

LOCK TABLES `DEPARTMENT` WRITE;
/*!40000 ALTER TABLE `DEPARTMENT` DISABLE KEYS */;
INSERT INTO `DEPARTMENT` VALUES ('D001','DEVELOPMENT'),('D002','HR');
/*!40000 ALTER TABLE `DEPARTMENT` ENABLE KEYS */;
UNLOCK TABLES;

--
-- Table structure for table `EMPLOYEE`
--

DROP TABLE IF EXISTS `EMPLOYEE`;
/*!40101 SET @saved_cs_client     = @@character_set_client */;
/*!40101 SET character_set_client = utf8 */;
CREATE TABLE `EMPLOYEE` (
  `ID` char(4) NOT NULL,
  `NAME` varchar(20) NOT NULL,
  `DEPARTMENT` char(4) NOT NULL,
  `ACTIVE` tinyint(4) DEFAULT NULL,
  `GENDER` char(1) DEFAULT NULL,
  `ROLE_ID` char(4) NOT NULL,
  PRIMARY KEY (`ID`),
  KEY `EMP_FK1` (`DEPARTMENT`),
  KEY `EMP_FK2` (`ROLE_ID`),
  CONSTRAINT `EMP_FK1` FOREIGN KEY (`DEPARTMENT`) REFERENCES `DEPARTMENT` (`ID`),
  CONSTRAINT `EMP_FK2` FOREIGN KEY (`ROLE_ID`) REFERENCES `ROLES` (`ID`)
) ENGINE=InnoDB DEFAULT CHARSET=utf8mb4;
/*!40101 SET character_set_client = @saved_cs_client */;

--
-- Dumping data for table `EMPLOYEE`
--

LOCK TABLES `EMPLOYEE` WRITE;
/*!40000 ALTER TABLE `EMPLOYEE` DISABLE KEYS */;
INSERT INTO `EMPLOYEE` VALUES ('E001','RAJKUMAR','D001',1,'M','R001'),('E002','GANESH','D001',1,'M','R002'),('E003','RAGHU','D001',1,'M','R003'),('E004','CHITRA','D001',1,'F','R001'),('E005','PRIYA','D001',1,'F','R002'),('E006','PREM KUMAR','D001',1,'M','R003'),('E007','KRISHNA','D002',1,'M','R006'),('E008','PREETHI','D002',1,'F','R005'),('E009','RAVI','D002',0,'M','R004'),('E010','MEENA','D002',1,'F','R004');
/*!40000 ALTER TABLE `EMPLOYEE` ENABLE KEYS */;
UNLOCK TABLES;

--
-- Table structure for table `EMP_ACTIVE_DATE`
--

DROP TABLE IF EXISTS `EMP_ACTIVE_DATE`;
/*!40101 SET @saved_cs_client     = @@character_set_client */;
/*!40101 SET character_set_client = utf8 */;
CREATE TABLE `EMP_ACTIVE_DATE` (
  `ID` char(4) NOT NULL,
  `ACTIVE_FROM` date NOT NULL,
  `RESIGNED_ON` date DEFAULT NULL,
  PRIMARY KEY (`ID`),
  CONSTRAINT `EMP_ACTIVE_DATE_ibfk_1` FOREIGN KEY (`ID`) REFERENCES `EMPLOYEE` (`ID`)
) ENGINE=InnoDB DEFAULT CHARSET=utf8mb4;
/*!40101 SET character_set_client = @saved_cs_client */;

--
-- Dumping data for table `EMP_ACTIVE_DATE`
--

LOCK TABLES `EMP_ACTIVE_DATE` WRITE;
/*!40000 ALTER TABLE `EMP_ACTIVE_DATE` DISABLE KEYS */;
INSERT INTO `EMP_ACTIVE_DATE` VALUES ('E001','2015-01-02',NULL),('E002','2016-03-01',NULL),('E003','2018-01-02',NULL),('E004','2014-11-01',NULL),('E005','2015-02-01',NULL),('E006','2019-01-02',NULL),('E007','2013-01-02',NULL),('E008','2015-01-02',NULL),('E009','2017-11-05','2020-10-31'),('E010','2015-01-02',NULL);
/*!40000 ALTER TABLE `EMP_ACTIVE_DATE` ENABLE KEYS */;
UNLOCK TABLES;

--
-- Table structure for table `LIBRARIANS`
--

DROP TABLE IF EXISTS `LIBRARIANS`;
/*!40101 SET @saved_cs_client     = @@character_set_client */;
/*!40101 SET character_set_client = utf8 */;
CREATE TABLE `LIBRARIANS` (
  `ID` int(5) NOT NULL,
  `NAME` varchar(20) NOT NULL,
  PRIMARY KEY (`ID`)
) ENGINE=InnoDB DEFAULT CHARSET=utf8mb4;
/*!40101 SET character_set_client = @saved_cs_client */;

--
-- Dumping data for table `LIBRARIANS`
--

LOCK TABLES `LIBRARIANS` WRITE;
/*!40000 ALTER TABLE `LIBRARIANS` DISABLE KEYS */;
INSERT INTO `LIBRARIANS` VALUES (20211,'JULIA ROOSEVELT'),(20233,'TOM WHITE');
/*!40000 ALTER TABLE `LIBRARIANS` ENABLE KEYS */;
UNLOCK TABLES;

--
-- Table structure for table `PLACEMENTS`
--

DROP TABLE IF EXISTS `PLACEMENTS`;
/*!40101 SET @saved_cs_client     = @@character_set_client */;
/*!40101 SET character_set_client = utf8 */;
CREATE TABLE `PLACEMENTS` (
  `S_ID` char(4) NOT NULL,
  `C_ID` char(4) NOT NULL,
  `PACKAGE` int(11) DEFAULT NULL,
  PRIMARY KEY (`S_ID`,`C_ID`),
  KEY `ckey` (`C_ID`),
  CONSTRAINT `ckey` FOREIGN KEY (`C_ID`) REFERENCES `COMPANY` (`ID`),
  CONSTRAINT `skey` FOREIGN KEY (`S_ID`) REFERENCES `STUDENT` (`ID`)
) ENGINE=InnoDB DEFAULT CHARSET=utf8mb4;
/*!40101 SET character_set_client = @saved_cs_client */;

--
-- Dumping data for table `PLACEMENTS`
--

LOCK TABLES `PLACEMENTS` WRITE;
/*!40000 ALTER TABLE `PLACEMENTS` DISABLE KEYS */;
INSERT INTO `PLACEMENTS` VALUES ('S001','C001',2000000),('S002','C001',2000000),('S003','C002',1200000),('S004','C004',700000),('S004','C006',400000),('S006','C004',700000);
/*!40000 ALTER TABLE `PLACEMENTS` ENABLE KEYS */;
UNLOCK TABLES;

--
-- Table structure for table `REPORTING`
--

DROP TABLE IF EXISTS `REPORTING`;
/*!40101 SET @saved_cs_client     = @@character_set_client */;
/*!40101 SET character_set_client = utf8 */;
CREATE TABLE `REPORTING` (
  `ID` char(4) NOT NULL,
  `L2` char(4) DEFAULT NULL,
  `L1` char(4) DEFAULT NULL,
  PRIMARY KEY (`ID`),
  KEY `L2` (`L2`),
  KEY `L1` (`L1`),
  CONSTRAINT `REPORTING_ibfk_1` FOREIGN KEY (`ID`) REFERENCES `EMPLOYEE` (`ID`),
  CONSTRAINT `REPORTING_ibfk_2` FOREIGN KEY (`L2`) REFERENCES `EMPLOYEE` (`ID`),
  CONSTRAINT `REPORTING_ibfk_3` FOREIGN KEY (`L1`) REFERENCES `EMPLOYEE` (`ID`)
) ENGINE=InnoDB DEFAULT CHARSET=utf8mb4;
/*!40101 SET character_set_client = @saved_cs_client */;

--
-- Dumping data for table `REPORTING`
--

LOCK TABLES `REPORTING` WRITE;
/*!40000 ALTER TABLE `REPORTING` DISABLE KEYS */;
INSERT INTO `REPORTING` VALUES ('E001',NULL,NULL),('E002',NULL,'E001'),('E003','E002','E001'),('E004',NULL,NULL),('E005',NULL,'E004'),('E006','E005','E004'),('E007',NULL,NULL),('E008',NULL,'E007'),('E009','E008','E007'),('E010','E008','E007');
/*!40000 ALTER TABLE `REPORTING` ENABLE KEYS */;
UNLOCK TABLES;

--
-- Table structure for table `ROLES`
--

DROP TABLE IF EXISTS `ROLES`;
/*!40101 SET @saved_cs_client     = @@character_set_client */;
/*!40101 SET character_set_client = utf8 */;
CREATE TABLE `ROLES` (
  `ID` char(4) NOT NULL,
  `NAME` varchar(20) NOT NULL,
  PRIMARY KEY (`ID`)
) ENGINE=InnoDB DEFAULT CHARSET=utf8mb4;
/*!40101 SET character_set_client = @saved_cs_client */;

--
-- Dumping data for table `ROLES`
--

LOCK TABLES `ROLES` WRITE;
/*!40000 ALTER TABLE `ROLES` DISABLE KEYS */;
INSERT INTO `ROLES` VALUES ('R001','TEAM LEAD'),('R002','SR. DEVELOPER'),('R003','DEVELOPER'),('R004','MANAGER'),('R005','SR. MANAGER'),('R006','EXE. MANAGER');
/*!40000 ALTER TABLE `ROLES` ENABLE KEYS */;
UNLOCK TABLES;

--
-- Table structure for table `SAMPLE`
--

DROP TABLE IF EXISTS `SAMPLE`;
/*!40101 SET @saved_cs_client     = @@character_set_client */;
/*!40101 SET character_set_client = utf8 */;
CREATE TABLE `SAMPLE` (
  `ID` char(1) NOT NULL,
  `NAME` varchar(20) NOT NULL,
  `VALUE` int(11) DEFAULT NULL,
  PRIMARY KEY (`ID`)
) ENGINE=InnoDB DEFAULT CHARSET=utf8mb4;
/*!40101 SET character_set_client = @saved_cs_client */;

--
-- Dumping data for table `SAMPLE`
--

LOCK TABLES `SAMPLE` WRITE;
/*!40000 ALTER TABLE `SAMPLE` DISABLE KEYS */;
INSERT INTO `SAMPLE` VALUES ('A','AA',20);
/*!40000 ALTER TABLE `SAMPLE` ENABLE KEYS */;
UNLOCK TABLES;

--
-- Table structure for table `SAMPLE_CUM`
--

DROP TABLE IF EXISTS `SAMPLE_CUM`;
/*!40101 SET @saved_cs_client     = @@character_set_client */;
/*!40101 SET character_set_client = utf8 */;
CREATE TABLE `SAMPLE_CUM` (
  `CUM_SUM` int(11) DEFAULT NULL
) ENGINE=InnoDB DEFAULT CHARSET=utf8mb4;
/*!40101 SET character_set_client = @saved_cs_client */;

--
-- Dumping data for table `SAMPLE_CUM`
--

LOCK TABLES `SAMPLE_CUM` WRITE;
/*!40000 ALTER TABLE `SAMPLE_CUM` DISABLE KEYS */;
INSERT INTO `SAMPLE_CUM` VALUES (NULL),(20),(10),(15);
/*!40000 ALTER TABLE `SAMPLE_CUM` ENABLE KEYS */;
UNLOCK TABLES;

--
-- Table structure for table `STUDENT`
--

DROP TABLE IF EXISTS `STUDENT`;
/*!40101 SET @saved_cs_client     = @@character_set_client */;
/*!40101 SET character_set_client = utf8 */;
CREATE TABLE `STUDENT` (
  `ID` char(4) NOT NULL,
  `NAME` varchar(20) NOT NULL,
  `DEPARTMENT` varchar(3) NOT NULL,
  `CGPA` decimal(2,1) DEFAULT NULL,
  PRIMARY KEY (`ID`)
) ENGINE=InnoDB DEFAULT CHARSET=utf8mb4;
/*!40101 SET character_set_client = @saved_cs_client */;

--
-- Dumping data for table `STUDENT`
--

LOCK TABLES `STUDENT` WRITE;
/*!40000 ALTER TABLE `STUDENT` DISABLE KEYS */;
INSERT INTO `STUDENT` VALUES ('S001','ARUN','CS',8.0),('S002','GITA','CS',7.5),('S003','KUMAR','IT',6.0),('S004','ROHIT','IT',8.5),('S005','YAMUNA','ECE',9.0),('S006','YOGESH','ECE',9.0);
/*!40000 ALTER TABLE `STUDENT` ENABLE KEYS */;
UNLOCK TABLES;

--
-- Table structure for table `T`
--

DROP TABLE IF EXISTS `T`;
/*!40101 SET @saved_cs_client     = @@character_set_client */;
/*!40101 SET character_set_client = utf8 */;
CREATE TABLE `T` (
  `I` int(11) DEFAULT NULL
) ENGINE=InnoDB DEFAULT CHARSET=utf8mb4;
/*!40101 SET character_set_client = @saved_cs_client */;

--
-- Dumping data for table `T`
--

LOCK TABLES `T` WRITE;
/*!40000 ALTER TABLE `T` DISABLE KEYS */;
INSERT INTO `T` VALUES (2);
/*!40000 ALTER TABLE `T` ENABLE KEYS */;
UNLOCK TABLES;

--
-- Table structure for table `USECASE3`
--

DROP TABLE IF EXISTS `USECASE3`;
/*!40101 SET @saved_cs_client     = @@character_set_client */;
/*!40101 SET character_set_client = utf8 */;
CREATE TABLE `USECASE3` (
  `TIME` datetime NOT NULL,
  `DEVICE` char(2) NOT NULL,
  `CONSUMPTION` decimal(4,3) NOT NULL
) ENGINE=InnoDB DEFAULT CHARSET=utf8mb4;
/*!40101 SET character_set_client = @saved_cs_client */;

--
-- Dumping data for table `USECASE3`
--

LOCK TABLES `USECASE3` WRITE;
/*!40000 ALTER TABLE `USECASE3` DISABLE KEYS */;
INSERT INTO `USECASE3` VALUES ('2020-01-01 00:00:00','D1',0.092),('2020-01-01 00:01:00','D1',0.776),('2020-01-01 00:02:00','D1',0.295),('2020-01-01 00:03:00','D1',0.169),('2020-01-01 00:04:00','D1',0.205),('2020-01-01 00:04:00','D1',0.205),('2020-01-01 00:06:00','D1',0.823),('2020-01-01 00:07:00','D1',0.314),('2020-01-01 00:08:00','D1',0.802),('2020-01-01 00:09:00','D1',0.985),('2020-01-01 00:10:00','D1',0.559),('2020-01-01 00:10:00','D1',0.559),('2020-01-01 00:12:00','D1',0.737),('2020-01-01 00:13:00','D1',0.624),('2020-01-01 00:14:00','D1',0.809),('2020-01-01 00:15:00','D1',0.306),('2020-01-01 00:16:00','D1',0.668),('2020-01-01 00:17:00','D1',0.032),('2020-01-01 00:18:00','D1',0.203),('2020-01-01 00:19:00','D1',0.501),('2020-01-01 00:20:00','D1',0.132),('2020-01-01 00:21:00','D1',0.630),('2020-01-01 00:22:00','D1',0.389),('2020-01-01 00:23:00','D1',0.556),('2020-01-01 00:24:00','D1',0.618),('2020-01-01 00:25:00','D1',0.975),('2020-01-01 00:26:00','D1',0.629),('2020-01-01 00:27:00','D1',0.319),('2020-01-01 00:28:00','D1',0.597),('2020-01-01 00:29:00','D1',0.605),('2020-01-01 00:30:00','D1',0.706),('2020-01-01 00:30:00','D1',0.706),('2020-01-01 00:32:00','D1',0.390),('2020-01-01 00:33:00','D1',0.009),('2020-01-01 00:34:00','D1',0.230),('2020-01-01 00:35:00','D1',0.148),('2020-01-01 00:36:00','D1',0.551),('2020-01-01 00:37:00','D1',0.302),('2020-01-01 00:38:00','D1',0.167),('2020-01-01 00:39:00','D1',0.702),('2020-01-01 00:40:00','D1',0.342),('2020-01-01 00:41:00','D1',0.250),('2020-01-01 00:42:00','D1',0.636),('2020-01-01 00:43:00','D1',0.695),('2020-01-01 00:44:00','D1',0.715),('2020-01-01 00:45:00','D1',0.556),('2020-01-01 00:46:00','D1',0.820),('2020-01-01 00:47:00','D1',0.703),('2020-01-01 00:48:00','D1',0.177),('2020-01-01 00:49:00','D1',0.918),('2020-01-01 00:50:00','D1',0.105),('2020-01-01 00:51:00','D1',0.353),('2020-01-01 00:52:00','D1',0.829),('2020-01-01 00:53:00','D1',0.206),('2020-01-01 00:54:00','D1',0.437),('2020-01-01 00:55:00','D1',0.286),('2020-01-01 00:56:00','D1',0.849),('2020-01-01 00:57:00','D1',0.283),('2020-01-01 00:58:00','D1',0.237),('2020-01-01 00:59:00','D1',0.475),('2020-01-01 01:00:00','D1',0.723),('2020-01-01 01:01:00','D1',0.375),('2020-01-01 01:02:00','D1',0.099),('2020-01-01 01:03:00','D1',0.218),('2020-01-01 01:04:00','D1',0.537),('2020-01-01 01:04:00','D1',0.537),('2020-01-01 01:06:00','D1',0.959),('2020-01-01 01:07:00','D1',0.811),('2020-01-01 01:08:00','D1',0.729),('2020-01-01 01:09:00','D1',0.532),('2020-01-01 01:10:00','D1',0.363),('2020-01-01 01:11:00','D1',0.455),('2020-01-01 01:12:00','D1',0.817),('2020-01-01 01:13:00','D1',0.865),('2020-01-01 01:14:00','D1',0.952),('2020-01-01 01:15:00','D1',0.180),('2020-01-01 01:16:00','D1',0.706),('2020-01-01 01:17:00','D1',0.986),('2020-01-01 01:18:00','D1',0.327),('2020-01-01 01:19:00','D1',0.678),('2020-01-01 01:20:00','D1',0.414),('2020-01-01 01:21:00','D1',0.330),('2020-01-01 01:22:00','D1',0.990),('2020-01-01 01:23:00','D1',0.746),('2020-01-01 01:24:00','D1',0.171),('2020-01-01 01:25:00','D1',0.726),('2020-01-01 01:26:00','D1',0.156),('2020-01-01 01:27:00','D1',0.698),('2020-01-01 01:28:00','D1',0.151),('2020-01-01 01:29:00','D1',0.208),('2020-01-01 01:30:00','D1',0.857),('2020-01-01 01:31:00','D1',0.481),('2020-01-01 01:32:00','D1',0.291),('2020-01-01 01:33:00','D1',0.771),('2020-01-01 01:34:00','D1',0.880),('2020-01-01 01:35:00','D1',0.446),('2020-01-01 01:36:00','D1',0.987),('2020-01-01 01:37:00','D1',0.462),('2020-01-01 01:38:00','D1',0.799),('2020-01-01 01:39:00','D1',0.672),('2020-01-01 01:40:00','D1',0.749),('2020-01-01 01:41:00','D1',0.427),('2020-01-01 01:42:00','D1',0.542),('2020-01-01 01:43:00','D1',0.516),('2020-01-01 01:44:00','D1',0.267),('2020-01-01 01:45:00','D1',0.049),('2020-01-01 01:46:00','D1',0.695),('2020-01-01 01:47:00','D1',0.563),('2020-01-01 01:48:00','D1',0.719),('2020-01-01 01:49:00','D1',0.131),('2020-01-01 01:50:00','D1',0.009),('2020-01-01 01:51:00','D1',0.495),('2020-01-01 01:52:00','D1',0.559),('2020-01-01 01:53:00','D1',0.121),('2020-01-01 01:54:00','D1',0.393),('2020-01-01 01:55:00','D1',0.480),('2020-01-01 01:56:00','D1',0.479),('2020-01-01 01:57:00','D1',0.775),('2020-01-01 01:58:00','D1',1.000),('2020-01-01 01:59:00','D1',0.539),('2020-01-01 02:00:00','D1',0.717),('2020-01-01 02:01:00','D1',0.264),('2020-01-01 02:02:00','D1',0.894),('2020-01-01 02:03:00','D1',0.048),('2020-01-01 02:04:00','D1',0.387),('2020-01-01 02:05:00','D1',0.676),('2020-01-01 02:06:00','D1',0.168),('2020-01-01 02:07:00','D1',0.929),('2020-01-01 02:08:00','D1',0.040),('2020-01-01 02:09:00','D1',0.054),('2020-01-01 02:10:00','D1',0.341),('2020-01-01 02:11:00','D1',0.328),('2020-01-01 02:12:00','D1',0.258),('2020-01-01 02:13:00','D1',0.606),('2020-01-01 02:14:00','D1',0.289),('2020-01-01 02:15:00','D1',0.576),('2020-01-01 02:16:00','D1',0.662),('2020-01-01 02:17:00','D1',0.477),('2020-01-01 02:18:00','D1',0.989),('2020-01-01 02:19:00','D1',0.992),('2020-01-01 02:20:00','D1',0.361),('2020-01-01 02:21:00','D1',0.539),('2020-01-01 02:22:00','D1',0.870),('2020-01-01 02:23:00','D1',0.693),('2020-01-01 02:24:00','D1',0.540),('2020-01-01 02:25:00','D1',0.974),('2020-01-01 02:26:00','D1',0.601),('2020-01-01 02:27:00','D1',0.864),('2020-01-01 02:28:00','D1',0.560),('2020-01-01 02:29:00','D1',0.021),('2020-01-01 02:30:00','D1',0.764),('2020-01-01 02:31:00','D1',0.116),('2020-01-01 02:32:00','D1',0.694),('2020-01-01 02:33:00','D1',0.182),('2020-01-01 02:34:00','D1',0.968),('2020-01-01 02:35:00','D1',0.445),('2020-01-01 02:36:00','D1',0.362),('2020-01-01 02:37:00','D1',0.329),('2020-01-01 02:38:00','D1',0.580),('2020-01-01 02:39:00','D1',0.985),('2020-01-01 02:40:00','D1',0.545),('2020-01-01 02:41:00','D1',0.616),('2020-01-01 02:42:00','D1',0.491),('2020-01-01 02:43:00','D1',0.250),('2020-01-01 02:44:00','D1',0.839),('2020-01-01 02:45:00','D1',0.832),('2020-01-01 02:46:00','D1',0.977),('2020-01-01 02:47:00','D1',0.766),('2020-01-01 02:48:00','D1',0.507),('2020-01-01 02:49:00','D1',0.864),('2020-01-01 02:50:00','D1',0.013),('2020-01-01 02:51:00','D1',0.072),('2020-01-01 02:52:00','D1',0.729),('2020-01-01 02:53:00','D1',0.202),('2020-01-01 02:54:00','D1',0.146),('2020-01-01 02:55:00','D1',0.842),('2020-01-01 02:56:00','D1',0.202),('2020-01-01 02:57:00','D1',0.049),('2020-01-01 02:58:00','D1',0.341),('2020-01-01 02:59:00','D1',0.510),('2020-01-01 03:00:00','D1',0.167),('2020-01-01 03:01:00','D1',0.396),('2020-01-01 03:02:00','D1',0.055),('2020-01-01 03:03:00','D1',0.126),('2020-01-01 03:04:00','D1',0.915),('2020-01-01 03:05:00','D1',0.623),('2020-01-01 03:06:00','D1',0.163),('2020-01-01 03:07:00','D1',0.354),('2020-01-01 03:08:00','D1',0.847),('2020-01-01 03:09:00','D1',0.569),('2020-01-01 03:10:00','D1',0.261),('2020-01-01 03:11:00','D1',0.438),('2020-01-01 03:12:00','D1',0.197),('2020-01-01 03:13:00','D1',0.743),('2020-01-01 03:14:00','D1',0.284),('2020-01-01 03:15:00','D1',0.697),('2020-01-01 03:16:00','D1',0.586),('2020-01-01 03:17:00','D1',0.316),('2020-01-01 03:18:00','D1',0.373),('2020-01-01 03:19:00','D1',0.612),('2020-01-01 03:20:00','D1',0.711),('2020-01-01 03:21:00','D1',0.806),('2020-01-01 03:22:00','D1',0.381),('2020-01-01 03:23:00','D1',0.840),('2020-01-01 03:24:00','D1',0.556),('2020-01-01 03:25:00','D1',0.926),('2020-01-01 03:26:00','D1',0.463),('2020-01-01 03:27:00','D1',0.553),('2020-01-01 03:28:00','D1',0.730),('2020-01-01 03:29:00','D1',0.885),('2020-01-01 03:30:00','D1',0.722),('2020-01-01 03:31:00','D1',0.368),('2020-01-01 03:32:00','D1',0.693),('2020-01-01 03:33:00','D1',0.530),('2020-01-01 03:34:00','D1',0.007),('2020-01-01 03:35:00','D1',0.719),('2020-01-01 03:36:00','D1',0.888),('2020-01-01 03:37:00','D1',0.139),('2020-01-01 03:38:00','D1',0.531),('2020-01-01 03:39:00','D1',0.974),('2020-01-01 03:40:00','D1',0.025),('2020-01-01 03:41:00','D1',0.323),('2020-01-01 03:42:00','D1',0.168),('2020-01-01 03:43:00','D1',0.751),('2020-01-01 03:44:00','D1',0.090),('2020-01-01 03:45:00','D1',0.454),('2020-01-01 03:46:00','D1',0.947),('2020-01-01 03:47:00','D1',0.885),('2020-01-01 03:48:00','D1',0.935),('2020-01-01 03:49:00','D1',0.273),('2020-01-01 03:50:00','D1',0.475),('2020-01-01 03:51:00','D1',0.223),('2020-01-01 03:52:00','D1',0.690),('2020-01-01 03:53:00','D1',0.865),('2020-01-01 03:54:00','D1',0.768),('2020-01-01 03:55:00','D1',0.990),('2020-01-01 03:56:00','D1',0.602),('2020-01-01 03:57:00','D1',0.950),('2020-01-01 03:58:00','D1',0.241),('2020-01-01 03:59:00','D1',0.737),('2020-01-01 04:00:00','D1',0.325),('2020-01-01 04:01:00','D1',0.546),('2020-01-01 04:02:00','D1',0.419),('2020-01-01 04:03:00','D1',0.021),('2020-01-01 04:04:00','D1',0.135),('2020-01-01 04:05:00','D1',0.424),('2020-01-01 04:06:00','D1',0.257),('2020-01-01 04:07:00','D1',0.826),('2020-01-01 04:08:00','D1',0.028),('2020-01-01 04:09:00','D1',0.387),('2020-01-01 04:10:00','D1',0.837),('2020-01-01 04:11:00','D1',0.368),('2020-01-01 04:12:00','D1',0.140),('2020-01-01 04:13:00','D1',0.358),('2020-01-01 04:14:00','D1',0.600),('2020-01-01 04:15:00','D1',0.410),('2020-01-01 04:16:00','D1',0.511),('2020-01-01 04:17:00','D1',0.460),('2020-01-01 04:18:00','D1',0.212),('2020-01-01 04:19:00','D1',0.397),('2020-01-01 04:20:00','D1',0.741),('2020-01-01 04:21:00','D1',0.727),('2020-01-01 04:22:00','D1',0.610),('2020-01-01 04:23:00','D1',0.742),('2020-01-01 04:24:00','D1',0.730),('2020-01-01 04:25:00','D1',0.908),('2020-01-01 04:26:00','D1',0.783),('2020-01-01 04:27:00','D1',0.357),('2020-01-01 04:28:00','D1',0.291),('2020-01-01 04:29:00','D1',0.812),('2020-01-01 04:30:00','D1',0.356),('2020-01-01 04:31:00','D1',0.110),('2020-01-01 04:32:00','D1',0.122),('2020-01-01 04:33:00','D1',0.025),('2020-01-01 04:34:00','D1',0.114),('2020-01-01 04:35:00','D1',0.221),('2020-01-01 04:36:00','D1',0.292),('2020-01-01 04:37:00','D1',0.390),('2020-01-01 04:38:00','D1',0.159),('2020-01-01 04:39:00','D1',0.726),('2020-01-01 04:40:00','D1',0.145),('2020-01-01 04:41:00','D1',0.587),('2020-01-01 04:42:00','D1',0.566),('2020-01-01 04:43:00','D1',0.070),('2020-01-01 04:44:00','D1',0.271),('2020-01-01 04:45:00','D1',0.266),('2020-01-01 04:46:00','D1',0.986),('2020-01-01 04:47:00','D1',0.554),('2020-01-01 04:48:00','D1',0.989),('2020-01-01 04:49:00','D1',0.695),('2020-01-01 04:50:00','D1',0.884),('2020-01-01 04:51:00','D1',0.853),('2020-01-01 04:52:00','D1',0.611),('2020-01-01 04:53:00','D1',0.569),('2020-01-01 04:54:00','D1',0.779),('2020-01-01 04:55:00','D1',0.040),('2020-01-01 04:56:00','D1',0.596),('2020-01-01 04:57:00','D1',0.688),('2020-01-01 04:58:00','D1',0.097),('2020-01-01 04:59:00','D1',0.637),('2020-01-01 05:00:00','D1',0.605),('2020-01-01 05:01:00','D1',0.470),('2020-01-01 05:02:00','D1',0.044),('2020-01-01 05:03:00','D1',0.960),('2020-01-01 05:04:00','D1',0.367),('2020-01-01 05:05:00','D1',0.888),('2020-01-01 05:06:00','D1',0.182),('2020-01-01 05:07:00','D1',0.681),('2020-01-01 05:08:00','D1',0.221),('2020-01-01 05:09:00','D1',0.225),('2020-01-01 05:10:00','D1',0.257),('2020-01-01 05:11:00','D1',0.869),('2020-01-01 05:12:00','D1',0.177),('2020-01-01 05:13:00','D1',0.238),('2020-01-01 05:14:00','D1',0.171),('2020-01-01 05:15:00','D1',0.935),('2020-01-01 05:16:00','D1',0.341),('2020-01-01 05:17:00','D1',0.710),('2020-01-01 05:18:00','D1',0.908),('2020-01-01 05:19:00','D1',0.867),('2020-01-01 05:20:00','D1',0.592),('2020-01-01 05:21:00','D1',0.086),('2020-01-01 05:22:00','D1',0.647),('2020-01-01 05:23:00','D1',0.819),('2020-01-01 05:24:00','D1',0.479),('2020-01-01 05:25:00','D1',0.861),('2020-01-01 05:26:00','D1',0.248),('2020-01-01 05:27:00','D1',0.664),('2020-01-01 05:28:00','D1',0.397),('2020-01-01 05:29:00','D1',0.688),('2020-01-01 05:30:00','D1',0.821),('2020-01-01 05:31:00','D1',0.372),('2020-01-01 05:32:00','D1',0.230),('2020-01-01 05:33:00','D1',0.668),('2020-01-01 05:34:00','D1',0.059),('2020-01-01 05:35:00','D1',0.147),('2020-01-01 05:36:00','D1',0.838),('2020-01-01 05:37:00','D1',0.180),('2020-01-01 05:38:00','D1',0.636),('2020-01-01 05:39:00','D1',0.115),('2020-01-01 05:40:00','D1',0.941),('2020-01-01 05:41:00','D1',0.643),('2020-01-01 05:42:00','D1',0.005),('2020-01-01 05:43:00','D1',0.946),('2020-01-01 05:44:00','D1',0.178),('2020-01-01 05:45:00','D1',0.077),('2020-01-01 05:46:00','D1',0.575),('2020-01-01 05:47:00','D1',0.246),('2020-01-01 05:48:00','D1',0.391),('2020-01-01 05:49:00','D1',0.920),('2020-01-01 05:50:00','D1',0.393),('2020-01-01 05:51:00','D1',0.704),('2020-01-01 05:52:00','D1',0.475),('2020-01-01 05:53:00','D1',0.578),('2020-01-01 05:54:00','D1',0.132),('2020-01-01 05:55:00','D1',0.980),('2020-01-01 05:56:00','D1',0.439),('2020-01-01 05:57:00','D1',0.392),('2020-01-01 05:58:00','D1',0.400),('2020-01-01 05:59:00','D1',0.032),('2020-01-01 06:00:00','D1',0.691),('2020-01-01 06:01:00','D1',0.204),('2020-01-01 06:02:00','D1',0.127),('2020-01-01 06:03:00','D1',0.170),('2020-01-01 06:04:00','D1',0.939),('2020-01-01 06:05:00','D1',0.555),('2020-01-01 06:06:00','D1',0.079),('2020-01-01 06:07:00','D1',0.368),('2020-01-01 06:08:00','D1',0.518),('2020-01-01 06:09:00','D1',0.566),('2020-01-01 06:10:00','D1',0.306),('2020-01-01 06:11:00','D1',0.529),('2020-01-01 06:12:00','D1',0.389),('2020-01-01 06:13:00','D1',0.959),('2020-01-01 06:14:00','D1',0.733),('2020-01-01 06:15:00','D1',0.215),('2020-01-01 06:16:00','D1',0.550),('2020-01-01 06:17:00','D1',0.295),('2020-01-01 06:18:00','D1',0.920),('2020-01-01 06:19:00','D1',0.060),('2020-01-01 06:20:00','D1',0.091),('2020-01-01 06:21:00','D1',0.431),('2020-01-01 06:22:00','D1',0.438),('2020-01-01 06:23:00','D1',0.479),('2020-01-01 06:24:00','D1',0.679),('2020-01-01 06:25:00','D1',0.412),('2020-01-01 06:26:00','D1',0.233),('2020-01-01 06:27:00','D1',0.545),('2020-01-01 06:28:00','D1',0.819),('2020-01-01 06:29:00','D1',0.482),('2020-01-01 06:30:00','D1',0.820),('2020-01-01 06:31:00','D1',0.880),('2020-01-01 06:32:00','D1',0.846),('2020-01-01 06:33:00','D1',0.684),('2020-01-01 06:34:00','D1',0.130),('2020-01-01 06:35:00','D1',0.189),('2020-01-01 06:36:00','D1',0.242),('2020-01-01 06:37:00','D1',0.553),('2020-01-01 06:38:00','D1',0.367),('2020-01-01 06:39:00','D1',0.661),('2020-01-01 06:40:00','D1',0.517),('2020-01-01 06:41:00','D1',0.739),('2020-01-01 06:42:00','D1',0.285),('2020-01-01 06:43:00','D1',0.756),('2020-01-01 06:44:00','D1',0.619),('2020-01-01 06:45:00','D1',0.015),('2020-01-01 06:46:00','D1',0.871),('2020-01-01 06:47:00','D1',0.064),('2020-01-01 06:48:00','D1',0.532),('2020-01-01 06:49:00','D1',0.992),('2020-01-01 06:50:00','D1',0.572),('2020-01-01 06:51:00','D1',0.815),('2020-01-01 06:52:00','D1',0.512),('2020-01-01 06:53:00','D1',0.081),('2020-01-01 06:54:00','D1',0.796),('2020-01-01 06:55:00','D1',0.295),('2020-01-01 06:56:00','D1',0.180),('2020-01-01 06:57:00','D1',0.643),('2020-01-01 06:58:00','D1',0.664),('2020-01-01 06:59:00','D1',0.923),('2020-01-01 07:00:00','D1',0.515),('2020-01-01 07:01:00','D1',0.041),('2020-01-01 07:02:00','D1',0.649),('2020-01-01 07:03:00','D1',0.957),('2020-01-01 07:04:00','D1',0.654),('2020-01-01 07:05:00','D1',0.311),('2020-01-01 07:06:00','D1',0.007),('2020-01-01 07:07:00','D1',0.862),('2020-01-01 07:08:00','D1',0.272),('2020-01-01 07:09:00','D1',0.474),('2020-01-01 07:10:00','D1',0.675),('2020-01-01 07:11:00','D1',0.169),('2020-01-01 07:12:00','D1',0.249),('2020-01-01 07:13:00','D1',0.065),('2020-01-01 07:14:00','D1',0.614),('2020-01-01 07:15:00','D1',0.254),('2020-01-01 07:16:00','D1',0.263),('2020-01-01 07:17:00','D1',0.363),('2020-01-01 07:18:00','D1',0.419),('2020-01-01 07:19:00','D1',0.841),('2020-01-01 07:20:00','D1',0.932),('2020-01-01 07:21:00','D1',0.895),('2020-01-01 07:22:00','D1',0.367),('2020-01-01 07:23:00','D1',0.182),('2020-01-01 07:24:00','D1',0.136),('2020-01-01 07:25:00','D1',0.251),('2020-01-01 07:26:00','D1',0.005),('2020-01-01 07:27:00','D1',0.834),('2020-01-01 07:28:00','D1',0.181),('2020-01-01 07:29:00','D1',0.920),('2020-01-01 07:30:00','D1',0.777),('2020-01-01 07:31:00','D1',0.629),('2020-01-01 07:32:00','D1',0.568),('2020-01-01 07:33:00','D1',0.871),('2020-01-01 07:34:00','D1',0.174),('2020-01-01 07:35:00','D1',0.974),('2020-01-01 07:36:00','D1',0.188),('2020-01-01 07:37:00','D1',0.847),('2020-01-01 07:38:00','D1',0.380),('2020-01-01 07:39:00','D1',0.872),('2020-01-01 07:40:00','D1',0.929),('2020-01-01 07:41:00','D1',0.892),('2020-01-01 07:42:00','D1',0.399),('2020-01-01 07:43:00','D1',0.143),('2020-01-01 07:44:00','D1',0.847),('2020-01-01 07:45:00','D1',0.480),('2020-01-01 07:46:00','D1',0.222),('2020-01-01 07:47:00','D1',0.141),('2020-01-01 07:48:00','D1',0.228),('2020-01-01 07:49:00','D1',0.696),('2020-01-01 07:50:00','D1',0.660),('2020-01-01 07:51:00','D1',0.918),('2020-01-01 07:52:00','D1',0.117),('2020-01-01 07:53:00','D1',0.318),('2020-01-01 07:54:00','D1',0.116),('2020-01-01 07:55:00','D1',0.166),('2020-01-01 07:56:00','D1',0.127),('2020-01-01 07:57:00','D1',0.359),('2020-01-01 07:58:00','D1',0.676),('2020-01-01 07:59:00','D1',0.485),('2020-01-01 08:00:00','D1',0.666),('2020-01-01 08:01:00','D1',0.508),('2020-01-01 08:02:00','D1',0.624),('2020-01-01 08:03:00','D1',0.455),('2020-01-01 08:04:00','D1',0.993),('2020-01-01 08:05:00','D1',0.227),('2020-01-01 08:06:00','D1',0.672),('2020-01-01 08:07:00','D1',0.798),('2020-01-01 08:08:00','D1',0.913),('2020-01-01 08:09:00','D1',0.710),('2020-01-01 08:10:00','D1',0.937),('2020-01-01 08:11:00','D1',0.385),('2020-01-01 08:12:00','D1',0.271),('2020-01-01 08:13:00','D1',0.755),('2020-01-01 08:14:00','D1',0.994),('2020-01-01 08:15:00','D1',0.206),('2020-01-01 08:16:00','D1',0.843),('2020-01-01 08:17:00','D1',0.647),('2020-01-01 08:18:00','D1',0.113),('2020-01-01 08:19:00','D1',0.484),('2020-01-01 08:20:00','D1',0.656),('2020-01-01 08:21:00','D1',0.528),('2020-01-01 08:22:00','D1',0.140),('2020-01-01 08:23:00','D1',0.017),('2020-01-01 08:24:00','D1',0.240),('2020-01-01 08:25:00','D1',0.374),('2020-01-01 08:26:00','D1',0.355),('2020-01-01 08:27:00','D1',0.462),('2020-01-01 08:28:00','D1',0.848),('2020-01-01 08:29:00','D1',0.604),('2020-01-01 08:30:00','D1',0.018),('2020-01-01 08:31:00','D1',0.729),('2020-01-01 08:32:00','D1',0.197),('2020-01-01 08:33:00','D1',0.563),('2020-01-01 08:34:00','D1',0.272),('2020-01-01 08:35:00','D1',0.880),('2020-01-01 08:36:00','D1',0.859),('2020-01-01 08:37:00','D1',0.615),('2020-01-01 08:38:00','D1',0.506),('2020-01-01 08:39:00','D1',0.898),('2020-01-01 08:40:00','D1',0.048),('2020-01-01 08:41:00','D1',0.322),('2020-01-01 08:42:00','D1',0.310),('2020-01-01 08:43:00','D1',0.523),('2020-01-01 08:44:00','D1',0.156),('2020-01-01 08:45:00','D1',0.261),('2020-01-01 08:46:00','D1',0.623),('2020-01-01 08:47:00','D1',0.858),('2020-01-01 08:48:00','D1',0.090),('2020-01-01 08:49:00','D1',0.346),('2020-01-01 08:50:00','D1',0.805),('2020-01-01 08:51:00','D1',0.842),('2020-01-01 08:52:00','D1',0.126),('2020-01-01 08:53:00','D1',0.125),('2020-01-01 08:54:00','D1',0.878),('2020-01-01 08:55:00','D1',0.780),('2020-01-01 08:56:00','D1',0.736),('2020-01-01 08:57:00','D1',0.435),('2020-01-01 08:58:00','D1',0.344),('2020-01-01 08:59:00','D1',0.050),('2020-01-01 09:00:00','D1',0.626),('2020-01-01 09:01:00','D1',0.958),('2020-01-01 09:02:00','D1',0.627),('2020-01-01 09:03:00','D1',0.777),('2020-01-01 09:04:00','D1',0.958),('2020-01-01 09:05:00','D1',0.656),('2020-01-01 09:06:00','D1',0.363),('2020-01-01 09:07:00','D1',0.740),('2020-01-01 09:08:00','D1',0.616),('2020-01-01 09:09:00','D1',0.854),('2020-01-01 09:10:00','D1',0.473),('2020-01-01 09:11:00','D1',0.044),('2020-01-01 09:12:00','D1',0.173),('2020-01-01 09:13:00','D1',0.686),('2020-01-01 09:14:00','D1',0.200),('2020-01-01 09:15:00','D1',0.093),('2020-01-01 09:16:00','D1',0.133),('2020-01-01 09:17:00','D1',0.968),('2020-01-01 09:18:00','D1',0.068),('2020-01-01 09:19:00','D1',0.239),('2020-01-01 09:20:00','D1',0.931),('2020-01-01 09:21:00','D1',0.131),('2020-01-01 09:22:00','D1',0.021),('2020-01-01 09:23:00','D1',0.056),('2020-01-01 09:24:00','D1',0.105),('2020-01-01 09:25:00','D1',0.685),('2020-01-01 09:26:00','D1',0.843),('2020-01-01 09:27:00','D1',0.590),('2020-01-01 09:28:00','D1',0.049),('2020-01-01 09:29:00','D1',0.848),('2020-01-01 09:30:00','D1',0.319),('2020-01-01 09:31:00','D1',0.059),('2020-01-01 09:32:00','D1',0.767),('2020-01-01 09:33:00','D1',0.409),('2020-01-01 09:34:00','D1',0.511),('2020-01-01 09:35:00','D1',0.447),('2020-01-01 09:36:00','D1',0.057),('2020-01-01 09:37:00','D1',0.547),('2020-01-01 09:38:00','D1',0.931),('2020-01-01 09:39:00','D1',0.140),('2020-01-01 09:40:00','D1',0.677),('2020-01-01 09:41:00','D1',0.380),('2020-01-01 09:42:00','D1',0.392),('2020-01-01 09:43:00','D1',0.249),('2020-01-01 09:44:00','D1',0.093),('2020-01-01 09:45:00','D1',0.229),('2020-01-01 09:46:00','D1',0.756),('2020-01-01 09:47:00','D1',0.565),('2020-01-01 09:48:00','D1',0.584),('2020-01-01 09:49:00','D1',0.168),('2020-01-01 09:50:00','D1',0.888),('2020-01-01 09:51:00','D1',0.131),('2020-01-01 09:52:00','D1',0.624),('2020-01-01 09:53:00','D1',0.227),('2020-01-01 09:54:00','D1',0.622),('2020-01-01 09:55:00','D1',0.287),('2020-01-01 09:56:00','D1',0.657),('2020-01-01 09:57:00','D1',0.769),('2020-01-01 09:58:00','D1',0.668),('2020-01-01 09:59:00','D1',0.642),('2020-01-01 10:00:00','D1',0.621),('2020-01-01 10:01:00','D1',0.893),('2020-01-01 10:02:00','D1',0.996),('2020-01-01 10:03:00','D1',0.857),('2020-01-01 10:04:00','D1',0.826),('2020-01-01 10:05:00','D1',0.457),('2020-01-01 10:06:00','D1',0.379),('2020-01-01 10:07:00','D1',0.304),('2020-01-01 10:08:00','D1',0.072),('2020-01-01 10:09:00','D1',0.212),('2020-01-01 10:10:00','D1',0.465),('2020-01-01 10:11:00','D1',0.621),('2020-01-01 10:12:00','D1',0.245),('2020-01-01 10:13:00','D1',0.800),('2020-01-01 10:14:00','D1',0.953),('2020-01-01 10:15:00','D1',0.971),('2020-01-01 10:16:00','D1',0.947),('2020-01-01 10:17:00','D1',0.889),('2020-01-01 10:18:00','D1',0.195),('2020-01-01 10:19:00','D1',0.298),('2020-01-01 10:20:00','D1',0.116),('2020-01-01 10:21:00','D1',0.502),('2020-01-01 10:22:00','D1',0.824),('2020-01-01 10:23:00','D1',0.224),('2020-01-01 10:24:00','D1',0.015),('2020-01-01 10:25:00','D1',0.678),('2020-01-01 10:26:00','D1',0.801),('2020-01-01 10:27:00','D1',0.307),('2020-01-01 10:28:00','D1',0.394),('2020-01-01 10:29:00','D1',0.982),('2020-01-01 10:30:00','D1',0.625),('2020-01-01 10:31:00','D1',0.264),('2020-01-01 10:32:00','D1',0.128),('2020-01-01 10:33:00','D1',0.995),('2020-01-01 10:34:00','D1',0.317),('2020-01-01 10:35:00','D1',0.415),('2020-01-01 10:36:00','D1',0.123),('2020-01-01 10:37:00','D1',0.853),('2020-01-01 10:38:00','D1',0.171),('2020-01-01 10:39:00','D1',0.038),('2020-01-01 10:40:00','D1',0.849),('2020-01-01 10:41:00','D1',0.113),('2020-01-01 10:42:00','D1',0.221),('2020-01-01 10:43:00','D1',0.571),('2020-01-01 10:44:00','D1',0.394),('2020-01-01 10:45:00','D1',0.699),('2020-01-01 10:46:00','D1',0.813),('2020-01-01 10:47:00','D1',0.553),('2020-01-01 10:48:00','D1',0.567),('2020-01-01 10:49:00','D1',0.448),('2020-01-01 10:50:00','D1',0.686),('2020-01-01 10:51:00','D1',0.020),('2020-01-01 10:52:00','D1',0.201),('2020-01-01 10:53:00','D1',0.830),('2020-01-01 10:54:00','D1',0.459),('2020-01-01 10:55:00','D1',0.621),('2020-01-01 10:56:00','D1',0.463),('2020-01-01 10:57:00','D1',0.746),('2020-01-01 10:58:00','D1',0.517),('2020-01-01 10:59:00','D1',0.040),('2020-01-01 11:00:00','D1',0.684),('2020-01-01 11:01:00','D1',0.905),('2020-01-01 11:02:00','D1',0.840),('2020-01-01 11:03:00','D1',0.491),('2020-01-01 11:04:00','D1',0.961),('2020-01-01 11:05:00','D1',0.191),('2020-01-01 11:06:00','D1',0.454),('2020-01-01 11:07:00','D1',0.899),('2020-01-01 11:08:00','D1',0.506),('2020-01-01 11:09:00','D1',0.595),('2020-01-01 11:10:00','D1',0.838),('2020-01-01 11:11:00','D1',0.104),('2020-01-01 11:12:00','D1',0.549),('2020-01-01 11:13:00','D1',0.727),('2020-01-01 11:14:00','D1',0.785),('2020-01-01 11:15:00','D1',0.896),('2020-01-01 11:16:00','D1',0.394),('2020-01-01 11:17:00','D1',0.696),('2020-01-01 11:18:00','D1',0.938),('2020-01-01 11:19:00','D1',0.923),('2020-01-01 11:20:00','D1',0.090),('2020-01-01 11:21:00','D1',0.121),('2020-01-01 11:22:00','D1',0.468),('2020-01-01 11:23:00','D1',0.555),('2020-01-01 11:24:00','D1',0.071),('2020-01-01 11:25:00','D1',0.349),('2020-01-01 11:26:00','D1',0.121),('2020-01-01 11:27:00','D1',0.597),('2020-01-01 11:28:00','D1',0.007),('2020-01-01 11:29:00','D1',0.564),('2020-01-01 11:30:00','D1',0.189),('2020-01-01 11:31:00','D1',0.350),('2020-01-01 11:32:00','D1',0.097),('2020-01-01 11:33:00','D1',0.270),('2020-01-01 11:34:00','D1',0.766),('2020-01-01 11:35:00','D1',0.883),('2020-01-01 11:36:00','D1',0.967),('2020-01-01 11:37:00','D1',0.836),('2020-01-01 11:38:00','D1',0.059),('2020-01-01 11:39:00','D1',0.532),('2020-01-01 11:40:00','D1',0.372),('2020-01-01 11:41:00','D1',0.169),('2020-01-01 11:42:00','D1',0.376),('2020-01-01 11:43:00','D1',0.600),('2020-01-01 11:44:00','D1',0.948),('2020-01-01 11:45:00','D1',0.316),('2020-01-01 11:46:00','D1',0.889),('2020-01-01 11:47:00','D1',0.930),('2020-01-01 11:48:00','D1',0.296),('2020-01-01 11:49:00','D1',0.750),('2020-01-01 11:50:00','D1',0.197),('2020-01-01 11:51:00','D1',0.542),('2020-01-01 11:52:00','D1',0.819),('2020-01-01 11:53:00','D1',0.393),('2020-01-01 11:54:00','D1',0.231),('2020-01-01 11:55:00','D1',0.798),('2020-01-01 11:56:00','D1',0.854),('2020-01-01 11:57:00','D1',0.960),('2020-01-01 11:58:00','D1',0.045),('2020-01-01 11:59:00','D1',0.608),('2020-01-01 12:00:00','D1',0.796),('2020-01-01 12:01:00','D1',0.033),('2020-01-01 12:02:00','D1',0.627),('2020-01-01 12:03:00','D1',0.083),('2020-01-01 12:04:00','D1',0.119),('2020-01-01 12:05:00','D1',0.399),('2020-01-01 12:06:00','D1',0.902),('2020-01-01 12:07:00','D1',0.597),('2020-01-01 12:08:00','D1',0.431),('2020-01-01 12:09:00','D1',0.566),('2020-01-01 12:10:00','D1',0.766),('2020-01-01 12:11:00','D1',0.691),('2020-01-01 12:12:00','D1',0.932),('2020-01-01 12:13:00','D1',0.046),('2020-01-01 12:14:00','D1',0.109),('2020-01-01 12:15:00','D1',0.406),('2020-01-01 12:16:00','D1',0.984),('2020-01-01 12:17:00','D1',0.957),('2020-01-01 12:18:00','D1',0.473),('2020-01-01 12:19:00','D1',0.602),('2020-01-01 12:20:00','D1',0.756),('2020-01-01 12:21:00','D1',0.712),('2020-01-01 12:22:00','D1',0.210),('2020-01-01 12:23:00','D1',0.596),('2020-01-01 12:24:00','D1',0.329),('2020-01-01 12:25:00','D1',0.107),('2020-01-01 12:26:00','D1',0.740),('2020-01-01 12:27:00','D1',0.944),('2020-01-01 12:28:00','D1',0.971),('2020-01-01 12:29:00','D1',0.887),('2020-01-01 12:30:00','D1',0.777),('2020-01-01 12:31:00','D1',0.552),('2020-01-01 12:32:00','D1',0.756),('2020-01-01 12:33:00','D1',0.971),('2020-01-01 12:34:00','D1',0.229),('2020-01-01 12:35:00','D1',0.357),('2020-01-01 12:36:00','D1',0.100),('2020-01-01 12:37:00','D1',0.879),('2020-01-01 12:38:00','D1',0.762),('2020-01-01 12:39:00','D1',0.710),('2020-01-01 12:40:00','D1',0.312),('2020-01-01 12:41:00','D1',0.514),('2020-01-01 12:42:00','D1',0.942),('2020-01-01 12:43:00','D1',0.260),('2020-01-01 12:44:00','D1',0.728),('2020-01-01 12:45:00','D1',0.421),('2020-01-01 12:46:00','D1',0.220),('2020-01-01 12:47:00','D1',0.563),('2020-01-01 12:48:00','D1',0.554),('2020-01-01 12:49:00','D1',0.810),('2020-01-01 12:50:00','D1',0.998),('2020-01-01 12:51:00','D1',0.853),('2020-01-01 12:52:00','D1',0.119),('2020-01-01 12:53:00','D1',0.137),('2020-01-01 12:54:00','D1',0.441),('2020-01-01 12:55:00','D1',0.443),('2020-01-01 12:56:00','D1',0.834),('2020-01-01 12:57:00','D1',0.800),('2020-01-01 12:58:00','D1',0.712),('2020-01-01 12:59:00','D1',0.967),('2020-01-01 13:00:00','D1',0.776),('2020-01-01 13:01:00','D1',0.544),('2020-01-01 13:02:00','D1',0.832),('2020-01-01 13:03:00','D1',0.274),('2020-01-01 13:04:00','D1',0.515),('2020-01-01 13:05:00','D1',0.513),('2020-01-01 13:06:00','D1',0.410),('2020-01-01 13:07:00','D1',0.099),('2020-01-01 13:08:00','D1',0.457),('2020-01-01 13:09:00','D1',0.493),('2020-01-01 13:10:00','D1',0.095),('2020-01-01 13:11:00','D1',0.787),('2020-01-01 13:12:00','D1',0.729),('2020-01-01 13:13:00','D1',0.767),('2020-01-01 13:14:00','D1',0.684),('2020-01-01 13:15:00','D1',0.233),('2020-01-01 13:16:00','D1',0.397),('2020-01-01 13:17:00','D1',0.208),('2020-01-01 13:18:00','D1',0.532),('2020-01-01 13:19:00','D1',0.910),('2020-01-01 13:20:00','D1',0.560),('2020-01-01 13:21:00','D1',0.646),('2020-01-01 13:22:00','D1',0.010),('2020-01-01 13:23:00','D1',0.297),('2020-01-01 13:24:00','D1',0.742),('2020-01-01 13:25:00','D1',0.333),('2020-01-01 13:26:00','D1',0.540),('2020-01-01 13:27:00','D1',0.313),('2020-01-01 13:28:00','D1',0.791),('2020-01-01 13:29:00','D1',0.287),('2020-01-01 13:30:00','D1',0.941),('2020-01-01 13:31:00','D1',0.347),('2020-01-01 13:32:00','D1',0.446),('2020-01-01 13:33:00','D1',0.656),('2020-01-01 13:34:00','D1',0.601),('2020-01-01 13:35:00','D1',0.327),('2020-01-01 13:36:00','D1',0.579),('2020-01-01 13:37:00','D1',0.762),('2020-01-01 13:38:00','D1',0.301),('2020-01-01 13:39:00','D1',0.840),('2020-01-01 13:40:00','D1',0.133),('2020-01-01 13:41:00','D1',0.403),('2020-01-01 13:42:00','D1',0.353),('2020-01-01 13:43:00','D1',0.708),('2020-01-01 13:44:00','D1',0.695),('2020-01-01 13:45:00','D1',0.081),('2020-01-01 13:46:00','D1',0.078),('2020-01-01 13:47:00','D1',0.569),('2020-01-01 13:48:00','D1',0.691),('2020-01-01 13:49:00','D1',0.282),('2020-01-01 13:50:00','D1',0.546),('2020-01-01 13:51:00','D1',0.966),('2020-01-01 13:52:00','D1',0.214),('2020-01-01 13:53:00','D1',0.624),('2020-01-01 13:54:00','D1',0.955),('2020-01-01 13:55:00','D1',0.138),('2020-01-01 13:56:00','D1',0.578),('2020-01-01 13:57:00','D1',0.672),('2020-01-01 13:58:00','D1',0.944),('2020-01-01 13:59:00','D1',0.250),('2020-01-01 14:00:00','D1',0.767),('2020-01-01 14:01:00','D1',0.505),('2020-01-01 14:02:00','D1',0.676),('2020-01-01 14:03:00','D1',0.046),('2020-01-01 14:04:00','D1',0.123),('2020-01-01 14:05:00','D1',0.623),('2020-01-01 14:06:00','D1',0.511),('2020-01-01 14:07:00','D1',0.981),('2020-01-01 14:08:00','D1',0.748),('2020-01-01 14:09:00','D1',0.683),('2020-01-01 14:10:00','D1',0.678),('2020-01-01 14:11:00','D1',0.750),('2020-01-01 14:12:00','D1',0.300),('2020-01-01 14:13:00','D1',0.578),('2020-01-01 14:14:00','D1',0.417),('2020-01-01 14:15:00','D1',0.732),('2020-01-01 14:16:00','D1',0.104),('2020-01-01 14:17:00','D1',0.840),('2020-01-01 14:18:00','D1',0.690),('2020-01-01 14:19:00','D1',0.291),('2020-01-01 14:20:00','D1',0.742),('2020-01-01 14:21:00','D1',0.976),('2020-01-01 14:22:00','D1',0.714),('2020-01-01 14:23:00','D1',0.067),('2020-01-01 14:24:00','D1',0.578),('2020-01-01 14:25:00','D1',0.308),('2020-01-01 14:26:00','D1',0.239),('2020-01-01 14:27:00','D1',0.337),('2020-01-01 14:28:00','D1',0.004),('2020-01-01 14:29:00','D1',0.144),('2020-01-01 14:30:00','D1',0.717),('2020-01-01 14:31:00','D1',0.312),('2020-01-01 14:32:00','D1',0.541),('2020-01-01 14:33:00','D1',0.590),('2020-01-01 14:34:00','D1',0.243),('2020-01-01 14:35:00','D1',0.736),('2020-01-01 14:36:00','D1',0.309),('2020-01-01 14:37:00','D1',0.144),('2020-01-01 14:38:00','D1',0.427),('2020-01-01 14:39:00','D1',0.480),('2020-01-01 14:40:00','D1',0.796),('2020-01-01 14:41:00','D1',0.262),('2020-01-01 14:42:00','D1',0.156),('2020-01-01 14:43:00','D1',0.932),('2020-01-01 14:44:00','D1',0.308),('2020-01-01 14:45:00','D1',0.479),('2020-01-01 14:46:00','D1',0.558),('2020-01-01 14:47:00','D1',0.824),('2020-01-01 14:48:00','D1',0.965),('2020-01-01 14:49:00','D1',0.273),('2020-01-01 14:50:00','D1',0.327),('2020-01-01 14:51:00','D1',0.840),('2020-01-01 14:52:00','D1',0.580),('2020-01-01 14:53:00','D1',0.818),('2020-01-01 14:54:00','D1',0.980),('2020-01-01 14:55:00','D1',0.744),('2020-01-01 14:56:00','D1',0.364),('2020-01-01 14:57:00','D1',0.948),('2020-01-01 14:58:00','D1',0.544),('2020-01-01 14:59:00','D1',0.023),('2020-01-01 15:00:00','D1',0.898),('2020-01-01 15:01:00','D1',0.159),('2020-01-01 15:02:00','D1',0.644),('2020-01-01 15:03:00','D1',0.014),('2020-01-01 15:04:00','D1',0.473),('2020-01-01 15:05:00','D1',0.225),('2020-01-01 15:06:00','D1',0.925),('2020-01-01 15:07:00','D1',0.277),('2020-01-01 15:08:00','D1',0.503),('2020-01-01 15:09:00','D1',0.078),('2020-01-01 15:10:00','D1',0.313),('2020-01-01 15:11:00','D1',0.553),('2020-01-01 15:12:00','D1',0.388),('2020-01-01 15:13:00','D1',0.895),('2020-01-01 15:14:00','D1',0.625),('2020-01-01 15:15:00','D1',0.959),('2020-01-01 15:16:00','D1',0.897),('2020-01-01 15:17:00','D1',0.983),('2020-01-01 15:18:00','D1',0.663),('2020-01-01 15:19:00','D1',0.225),('2020-01-01 15:20:00','D1',0.887),('2020-01-01 15:21:00','D1',0.908),('2020-01-01 15:22:00','D1',0.030),('2020-01-01 15:23:00','D1',0.677),('2020-01-01 15:24:00','D1',0.897),('2020-01-01 15:25:00','D1',0.529),('2020-01-01 15:26:00','D1',0.556),('2020-01-01 15:27:00','D1',0.363),('2020-01-01 15:28:00','D1',0.985),('2020-01-01 15:29:00','D1',0.004),('2020-01-01 15:30:00','D1',0.392),('2020-01-01 15:31:00','D1',0.163),('2020-01-01 15:32:00','D1',0.971),('2020-01-01 15:33:00','D1',0.609),('2020-01-01 15:34:00','D1',0.579),('2020-01-01 15:35:00','D1',0.024),('2020-01-01 15:36:00','D1',0.107),('2020-01-01 15:37:00','D1',0.217),('2020-01-01 15:38:00','D1',0.086),('2020-01-01 15:39:00','D1',0.445),('2020-01-01 15:40:00','D1',0.095),('2020-01-01 15:41:00','D1',0.567),('2020-01-01 15:42:00','D1',0.141),('2020-01-01 15:43:00','D1',0.173),('2020-01-01 15:44:00','D1',0.257),('2020-01-01 15:45:00','D1',0.045),('2020-01-01 15:46:00','D1',0.942),('2020-01-01 15:47:00','D1',0.668),('2020-01-01 15:48:00','D1',0.644),('2020-01-01 15:49:00','D1',0.570),('2020-01-01 15:50:00','D1',0.702),('2020-01-01 15:51:00','D1',0.270),('2020-01-01 15:52:00','D1',0.817),('2020-01-01 15:53:00','D1',0.294),('2020-01-01 15:54:00','D1',0.330),('2020-01-01 15:55:00','D1',0.138),('2020-01-01 15:56:00','D1',0.065),('2020-01-01 15:57:00','D1',0.266),('2020-01-01 15:58:00','D1',0.958),('2020-01-01 15:59:00','D1',0.003),('2020-01-01 16:00:00','D1',0.850),('2020-01-01 16:01:00','D1',0.914),('2020-01-01 16:02:00','D1',0.957),('2020-01-01 16:03:00','D1',0.470),('2020-01-01 16:04:00','D1',0.344),('2020-01-01 16:05:00','D1',0.169),('2020-01-01 16:06:00','D1',0.040),('2020-01-01 16:07:00','D1',0.115),('2020-01-01 16:08:00','D1',0.037),('2020-01-01 16:09:00','D1',0.342),('2020-01-01 16:10:00','D1',0.548),('2020-01-01 16:11:00','D1',0.911),('2020-01-01 16:12:00','D1',0.506),('2020-01-01 16:13:00','D1',0.404),('2020-01-01 16:14:00','D1',0.041),('2020-01-01 16:15:00','D1',0.561),('2020-01-01 16:16:00','D1',0.625),('2020-01-01 16:17:00','D1',0.136),('2020-01-01 16:18:00','D1',0.863),('2020-01-01 16:19:00','D1',0.194),('2020-01-01 16:20:00','D1',0.670),('2020-01-01 16:21:00','D1',0.750),('2020-01-01 16:22:00','D1',0.448),('2020-01-01 16:23:00','D1',0.463),('2020-01-01 16:24:00','D1',0.022),('2020-01-01 16:25:00','D1',0.952),('2020-01-01 16:26:00','D1',0.745),('2020-01-01 16:27:00','D1',0.532),('2020-01-01 16:28:00','D1',0.405),('2020-01-01 16:29:00','D1',0.111),('2020-01-01 16:30:00','D1',0.287),('2020-01-01 16:31:00','D1',0.596),('2020-01-01 16:32:00','D1',0.912),('2020-01-01 16:33:00','D1',0.128),('2020-01-01 16:34:00','D1',0.129),('2020-01-01 16:35:00','D1',0.577),('2020-01-01 16:36:00','D1',0.379),('2020-01-01 16:37:00','D1',0.854),('2020-01-01 16:38:00','D1',0.050),('2020-01-01 16:39:00','D1',0.355),('2020-01-01 16:40:00','D1',0.013),('2020-01-01 16:41:00','D1',0.425),('2020-01-01 16:42:00','D1',0.215),('2020-01-01 16:43:00','D1',0.462),('2020-01-01 16:44:00','D1',0.582),('2020-01-01 16:45:00','D1',0.649),('2020-01-01 16:46:00','D1',0.716),('2020-01-01 16:47:00','D1',0.452),('2020-01-01 16:48:00','D1',0.876),('2020-01-01 16:49:00','D1',0.708),('2020-01-01 16:50:00','D1',0.240),('2020-01-01 16:51:00','D1',0.267),('2020-01-01 16:52:00','D1',0.598),('2020-01-01 16:53:00','D1',0.746),('2020-01-01 16:54:00','D1',0.450),('2020-01-01 16:55:00','D1',0.800),('2020-01-01 16:56:00','D1',0.328),('2020-01-01 16:57:00','D1',0.597),('2020-01-01 16:58:00','D1',0.534),('2020-01-01 16:59:00','D1',0.498),('2020-01-01 17:00:00','D1',0.698),('2020-01-01 17:01:00','D1',0.819),('2020-01-01 17:02:00','D1',0.761),('2020-01-01 17:03:00','D1',0.305),('2020-01-01 17:04:00','D1',0.467),('2020-01-01 17:05:00','D1',0.373),('2020-01-01 17:06:00','D1',0.826),('2020-01-01 17:07:00','D1',0.443),('2020-01-01 17:08:00','D1',0.757),('2020-01-01 17:09:00','D1',0.826),('2020-01-01 17:10:00','D1',0.233),('2020-01-01 17:11:00','D1',0.554),('2020-01-01 17:12:00','D1',0.306),('2020-01-01 17:13:00','D1',0.681),('2020-01-01 17:14:00','D1',0.952),('2020-01-01 17:15:00','D1',0.487),('2020-01-01 17:16:00','D1',0.235),('2020-01-01 17:17:00','D1',0.499),('2020-01-01 17:18:00','D1',0.096),('2020-01-01 17:19:00','D1',0.598),('2020-01-01 17:20:00','D1',0.479),('2020-01-01 17:21:00','D1',0.812),('2020-01-01 17:22:00','D1',0.450),('2020-01-01 17:23:00','D1',0.746),('2020-01-01 17:24:00','D1',0.748),('2020-01-01 17:25:00','D1',0.421),('2020-01-01 17:26:00','D1',0.245),('2020-01-01 17:27:00','D1',0.332),('2020-01-01 17:28:00','D1',0.601),('2020-01-01 17:29:00','D1',0.593),('2020-01-01 17:30:00','D1',0.699),('2020-01-01 17:31:00','D1',0.605),('2020-01-01 17:32:00','D1',0.957),('2020-01-01 17:33:00','D1',0.809),('2020-01-01 17:34:00','D1',0.497),('2020-01-01 17:35:00','D1',0.162),('2020-01-01 17:36:00','D1',0.199),('2020-01-01 17:37:00','D1',0.186),('2020-01-01 17:38:00','D1',0.560),('2020-01-01 17:39:00','D1',0.026),('2020-01-01 17:40:00','D1',0.804),('2020-01-01 17:41:00','D1',0.447),('2020-01-01 17:42:00','D1',0.162),('2020-01-01 17:43:00','D1',0.964),('2020-01-01 17:44:00','D1',0.314),('2020-01-01 17:45:00','D1',0.302),('2020-01-01 17:46:00','D1',0.707),('2020-01-01 17:47:00','D1',0.701),('2020-01-01 17:48:00','D1',0.333),('2020-01-01 17:49:00','D1',0.405),('2020-01-01 17:50:00','D1',0.243),('2020-01-01 17:51:00','D1',0.531),('2020-01-01 17:52:00','D1',0.160),('2020-01-01 17:53:00','D1',0.659),('2020-01-01 17:54:00','D1',0.093),('2020-01-01 17:55:00','D1',0.413),('2020-01-01 17:56:00','D1',0.600),('2020-01-01 17:57:00','D1',0.463),('2020-01-01 17:58:00','D1',0.838),('2020-01-01 17:59:00','D1',0.996),('2020-01-01 18:00:00','D1',0.485),('2020-01-01 18:01:00','D1',0.668),('2020-01-01 18:02:00','D1',0.232),('2020-01-01 18:03:00','D1',0.206),('2020-01-01 18:04:00','D1',0.441),('2020-01-01 18:05:00','D1',0.405),('2020-01-01 18:06:00','D1',0.544),('2020-01-01 18:07:00','D1',0.949),('2020-01-01 18:08:00','D1',0.484),('2020-01-01 18:09:00','D1',0.680),('2020-01-01 18:10:00','D1',0.250),('2020-01-01 18:11:00','D1',0.193),('2020-01-01 18:12:00','D1',0.078),('2020-01-01 18:13:00','D1',0.588),('2020-01-01 18:14:00','D1',0.949),('2020-01-01 18:15:00','D1',0.224),('2020-01-01 18:16:00','D1',0.423),('2020-01-01 18:17:00','D1',0.293),('2020-01-01 18:18:00','D1',0.892),('2020-01-01 18:19:00','D1',0.118),('2020-01-01 18:20:00','D1',0.842),('2020-01-01 18:21:00','D1',0.441),('2020-01-01 18:22:00','D1',0.513),('2020-01-01 18:23:00','D1',0.567),('2020-01-01 18:24:00','D1',0.329),('2020-01-01 18:25:00','D1',0.523),('2020-01-01 18:26:00','D1',0.922),('2020-01-01 18:27:00','D1',0.012),('2020-01-01 18:28:00','D1',0.494),('2020-01-01 18:29:00','D1',0.814),('2020-01-01 18:30:00','D1',0.412),('2020-01-01 18:31:00','D1',0.680),('2020-01-01 18:32:00','D1',0.388),('2020-01-01 18:33:00','D1',0.874),('2020-01-01 18:34:00','D1',0.617),('2020-01-01 18:35:00','D1',0.538),('2020-01-01 18:36:00','D1',0.922),('2020-01-01 18:37:00','D1',0.335),('2020-01-01 18:38:00','D1',0.164),('2020-01-01 18:39:00','D1',0.333),('2020-01-01 18:40:00','D1',0.930),('2020-01-01 18:41:00','D1',0.577),('2020-01-01 18:42:00','D1',0.284),('2020-01-01 18:43:00','D1',0.886),('2020-01-01 18:44:00','D1',0.190),('2020-01-01 18:45:00','D1',0.181),('2020-01-01 18:46:00','D1',0.094),('2020-01-01 18:47:00','D1',0.552),('2020-01-01 18:48:00','D1',0.120),('2020-01-01 18:49:00','D1',0.557),('2020-01-01 18:50:00','D1',0.004),('2020-01-01 18:51:00','D1',0.287),('2020-01-01 18:52:00','D1',0.218),('2020-01-01 18:53:00','D1',0.920),('2020-01-01 18:54:00','D1',0.958),('2020-01-01 18:55:00','D1',0.070),('2020-01-01 18:56:00','D1',0.744),('2020-01-01 18:57:00','D1',0.891),('2020-01-01 18:58:00','D1',0.039),('2020-01-01 18:59:00','D1',0.536),('2020-01-01 19:00:00','D1',0.584),('2020-01-01 19:01:00','D1',0.348),('2020-01-01 19:02:00','D1',0.304),('2020-01-01 19:03:00','D1',0.547),('2020-01-01 19:04:00','D1',0.716),('2020-01-01 19:05:00','D1',0.801),('2020-01-01 19:06:00','D1',0.585),('2020-01-01 19:07:00','D1',0.079),('2020-01-01 19:08:00','D1',0.203),('2020-01-01 19:09:00','D1',0.469),('2020-01-01 19:10:00','D1',0.367),('2020-01-01 19:11:00','D1',0.251),('2020-01-01 19:12:00','D1',0.182),('2020-01-01 19:13:00','D1',0.475),('2020-01-01 19:14:00','D1',0.833),('2020-01-01 19:15:00','D1',0.537),('2020-01-01 19:16:00','D1',0.888),('2020-01-01 19:17:00','D1',0.027),('2020-01-01 19:18:00','D1',0.575),('2020-01-01 19:19:00','D1',0.197),('2020-01-01 19:20:00','D1',0.352),('2020-01-01 19:21:00','D1',0.236),('2020-01-01 19:22:00','D1',0.505),('2020-01-01 19:23:00','D1',0.764),('2020-01-01 19:24:00','D1',0.051),('2020-01-01 19:25:00','D1',0.267),('2020-01-01 19:26:00','D1',0.989),('2020-01-01 19:27:00','D1',0.957),('2020-01-01 19:28:00','D1',0.445),('2020-01-01 19:29:00','D1',0.855),('2020-01-01 19:30:00','D1',0.325),('2020-01-01 19:31:00','D1',0.775),('2020-01-01 19:32:00','D1',0.043),('2020-01-01 19:33:00','D1',0.807),('2020-01-01 19:34:00','D1',0.224),('2020-01-01 19:35:00','D1',0.606),('2020-01-01 19:36:00','D1',0.358),('2020-01-01 19:37:00','D1',0.038),('2020-01-01 19:38:00','D1',0.110),('2020-01-01 19:39:00','D1',0.144),('2020-01-01 19:40:00','D1',0.880),('2020-01-01 19:41:00','D1',0.812),('2020-01-01 19:42:00','D1',0.689),('2020-01-01 19:43:00','D1',0.540),('2020-01-01 19:44:00','D1',0.963),('2020-01-01 19:45:00','D1',0.377),('2020-01-01 19:46:00','D1',0.416),('2020-01-01 19:47:00','D1',0.735),('2020-01-01 19:48:00','D1',0.382),('2020-01-01 19:49:00','D1',0.852),('2020-01-01 19:50:00','D1',0.199),('2020-01-01 19:51:00','D1',0.134),('2020-01-01 19:52:00','D1',0.135),('2020-01-01 19:53:00','D1',0.294),('2020-01-01 19:54:00','D1',0.944),('2020-01-01 19:55:00','D1',0.841),('2020-01-01 19:56:00','D1',0.953),('2020-01-01 19:57:00','D1',0.133),('2020-01-01 19:58:00','D1',0.278),('2020-01-01 19:59:00','D1',0.459),('2020-01-01 20:00:00','D1',0.918),('2020-01-01 20:01:00','D1',0.770),('2020-01-01 20:02:00','D1',0.138),('2020-01-01 20:03:00','D1',0.095),('2020-01-01 20:04:00','D1',0.515),('2020-01-01 20:05:00','D1',0.978),('2020-01-01 20:06:00','D1',0.720),('2020-01-01 20:07:00','D1',0.532),('2020-01-01 20:08:00','D1',0.423),('2020-01-01 20:09:00','D1',0.884),('2020-01-01 20:10:00','D1',0.661),('2020-01-01 20:11:00','D1',0.745),('2020-01-01 20:12:00','D1',0.365),('2020-01-01 20:13:00','D1',0.751),('2020-01-01 20:14:00','D1',0.228),('2020-01-01 20:15:00','D1',0.825),('2020-01-01 20:16:00','D1',0.378),('2020-01-01 20:17:00','D1',0.462),('2020-01-01 20:18:00','D1',0.710),('2020-01-01 20:19:00','D1',0.138),('2020-01-01 20:20:00','D1',0.930),('2020-01-01 20:21:00','D1',0.610),('2020-01-01 20:22:00','D1',0.190),('2020-01-01 20:23:00','D1',0.007),('2020-01-01 20:24:00','D1',0.417),('2020-01-01 20:25:00','D1',0.356),('2020-01-01 20:26:00','D1',0.338),('2020-01-01 20:27:00','D1',0.521),('2020-01-01 20:28:00','D1',0.699),('2020-01-01 20:29:00','D1',0.762),('2020-01-01 20:30:00','D1',0.918),('2020-01-01 20:31:00','D1',0.127),('2020-01-01 20:32:00','D1',0.521),('2020-01-01 20:33:00','D1',0.149),('2020-01-01 20:34:00','D1',0.244),('2020-01-01 20:35:00','D1',0.487),('2020-01-01 20:36:00','D1',0.825),('2020-01-01 20:37:00','D1',0.122),('2020-01-01 20:38:00','D1',0.905),('2020-01-01 20:39:00','D1',0.738),('2020-01-01 20:40:00','D1',0.224),('2020-01-01 20:41:00','D1',0.312),('2020-01-01 20:42:00','D1',0.707),('2020-01-01 20:43:00','D1',0.687),('2020-01-01 20:44:00','D1',0.149),('2020-01-01 20:45:00','D1',0.547),('2020-01-01 20:46:00','D1',0.924),('2020-01-01 20:47:00','D1',0.652),('2020-01-01 20:48:00','D1',0.459),('2020-01-01 20:49:00','D1',0.115),('2020-01-01 20:50:00','D1',0.619),('2020-01-01 20:51:00','D1',0.643),('2020-01-01 20:52:00','D1',0.659),('2020-01-01 20:53:00','D1',0.043),('2020-01-01 20:54:00','D1',0.039),('2020-01-01 20:55:00','D1',0.328),('2020-01-01 20:56:00','D1',0.183),('2020-01-01 20:57:00','D1',0.795),('2020-01-01 20:58:00','D1',0.793),('2020-01-01 20:59:00','D1',0.752),('2020-01-01 21:00:00','D1',0.624),('2020-01-01 21:01:00','D1',0.615),('2020-01-01 21:02:00','D1',0.831),('2020-01-01 21:03:00','D1',0.096),('2020-01-01 21:04:00','D1',0.159),('2020-01-01 21:05:00','D1',0.812),('2020-01-01 21:06:00','D1',0.009),('2020-01-01 21:07:00','D1',0.854),('2020-01-01 21:08:00','D1',0.925),('2020-01-01 21:09:00','D1',0.659),('2020-01-01 21:10:00','D1',0.420),('2020-01-01 21:11:00','D1',0.698),('2020-01-01 21:12:00','D1',0.514),('2020-01-01 21:13:00','D1',0.180),('2020-01-01 21:14:00','D1',0.463),('2020-01-01 21:15:00','D1',0.927),('2020-01-01 21:16:00','D1',0.318),('2020-01-01 21:17:00','D1',0.074),('2020-01-01 21:18:00','D1',0.092),('2020-01-01 21:19:00','D1',0.868),('2020-01-01 21:20:00','D1',0.963),('2020-01-01 21:21:00','D1',0.193),('2020-01-01 21:22:00','D1',0.581),('2020-01-01 21:23:00','D1',0.792),('2020-01-01 21:24:00','D1',0.648),('2020-01-01 21:25:00','D1',0.482),('2020-01-01 21:26:00','D1',0.594),('2020-01-01 21:27:00','D1',0.923),('2020-01-01 21:28:00','D1',0.825),('2020-01-01 21:29:00','D1',0.069),('2020-01-01 21:30:00','D1',0.383),('2020-01-01 21:31:00','D1',0.898),('2020-01-01 21:32:00','D1',0.258),('2020-01-01 21:33:00','D1',0.232),('2020-01-01 21:34:00','D1',0.420),('2020-01-01 21:35:00','D1',0.586),('2020-01-01 21:36:00','D1',0.203),('2020-01-01 21:37:00','D1',0.290),('2020-01-01 21:38:00','D1',0.838),('2020-01-01 21:39:00','D1',0.549),('2020-01-01 21:40:00','D1',0.104),('2020-01-01 21:41:00','D1',0.098),('2020-01-01 21:42:00','D1',0.660),('2020-01-01 21:43:00','D1',0.514),('2020-01-01 21:44:00','D1',0.969),('2020-01-01 21:45:00','D1',0.691),('2020-01-01 21:46:00','D1',0.892),('2020-01-01 21:47:00','D1',0.169),('2020-01-01 21:48:00','D1',0.321),('2020-01-01 21:49:00','D1',0.820),('2020-01-01 21:50:00','D1',0.206),('2020-01-01 21:51:00','D1',0.260),('2020-01-01 21:52:00','D1',0.419),('2020-01-01 21:53:00','D1',0.559),('2020-01-01 21:54:00','D1',0.136),('2020-01-01 21:55:00','D1',0.448),('2020-01-01 21:56:00','D1',0.260),('2020-01-01 21:57:00','D1',0.905),('2020-01-01 21:58:00','D1',0.409),('2020-01-01 21:59:00','D1',0.630),('2020-01-01 22:00:00','D1',0.741),('2020-01-01 22:01:00','D1',0.305),('2020-01-01 22:02:00','D1',0.275),('2020-01-01 22:03:00','D1',0.469),('2020-01-01 22:04:00','D1',0.224),('2020-01-01 22:05:00','D1',0.354),('2020-01-01 22:06:00','D1',0.484),('2020-01-01 22:07:00','D1',0.670),('2020-01-01 22:08:00','D1',0.666),('2020-01-01 22:09:00','D1',0.468),('2020-01-01 22:10:00','D1',0.858),('2020-01-01 22:11:00','D1',0.169),('2020-01-01 22:12:00','D1',0.440),('2020-01-01 22:13:00','D1',0.214),('2020-01-01 22:14:00','D1',0.237),('2020-01-01 22:15:00','D1',0.744),('2020-01-01 22:16:00','D1',0.929),('2020-01-01 22:17:00','D1',0.107),('2020-01-01 22:18:00','D1',0.958),('2020-01-01 22:19:00','D1',0.724),('2020-01-01 22:20:00','D1',0.988),('2020-01-01 22:21:00','D1',0.121),('2020-01-01 22:22:00','D1',0.927),('2020-01-01 22:23:00','D1',0.435),('2020-01-01 22:24:00','D1',0.428),('2020-01-01 22:25:00','D1',0.848),('2020-01-01 22:26:00','D1',0.740),('2020-01-01 22:27:00','D1',0.701),('2020-01-01 22:28:00','D1',0.714),('2020-01-01 22:29:00','D1',0.243),('2020-01-01 22:30:00','D1',0.339),('2020-01-01 22:31:00','D1',0.241),('2020-01-01 22:32:00','D1',0.205),('2020-01-01 22:33:00','D1',0.140),('2020-01-01 22:34:00','D1',0.105),('2020-01-01 22:35:00','D1',0.099),('2020-01-01 22:36:00','D1',0.374),('2020-01-01 22:37:00','D1',0.290),('2020-01-01 22:38:00','D1',0.371),('2020-01-01 22:39:00','D1',0.275),('2020-01-01 22:40:00','D1',0.623),('2020-01-01 22:41:00','D1',0.489),('2020-01-01 22:42:00','D1',0.866),('2020-01-01 22:43:00','D1',0.593),('2020-01-01 22:44:00','D1',0.505),('2020-01-01 22:45:00','D1',0.482),('2020-01-01 22:46:00','D1',0.704),('2020-01-01 22:47:00','D1',0.465),('2020-01-01 22:48:00','D1',0.376),('2020-01-01 22:49:00','D1',0.711),('2020-01-01 22:50:00','D1',0.127),('2020-01-01 22:51:00','D1',0.605),('2020-01-01 22:52:00','D1',0.792),('2020-01-01 22:53:00','D1',0.661),('2020-01-01 22:54:00','D1',0.388),('2020-01-01 22:55:00','D1',0.957),('2020-01-01 22:56:00','D1',0.209),('2020-01-01 22:57:00','D1',0.496),('2020-01-01 22:58:00','D1',0.823),('2020-01-01 22:59:00','D1',0.039),('2020-01-01 23:00:00','D1',0.922),('2020-01-01 23:01:00','D1',0.936),('2020-01-01 23:02:00','D1',0.379),('2020-01-01 23:03:00','D1',0.701),('2020-01-01 23:04:00','D1',0.471),('2020-01-01 23:05:00','D1',0.807),('2020-01-01 23:06:00','D1',0.604),('2020-01-01 23:07:00','D1',0.773),('2020-01-01 23:08:00','D1',0.183),('2020-01-01 23:09:00','D1',0.534),('2020-01-01 23:10:00','D1',0.382),('2020-01-01 23:11:00','D1',0.444),('2020-01-01 23:12:00','D1',0.887),('2020-01-01 23:13:00','D1',0.900),('2020-01-01 23:14:00','D1',0.509),('2020-01-01 23:15:00','D1',0.269),('2020-01-01 23:16:00','D1',0.316),('2020-01-01 23:17:00','D1',0.756),('2020-01-01 23:18:00','D1',0.527),('2020-01-01 23:19:00','D1',0.602),('2020-01-01 23:20:00','D1',0.177),('2020-01-01 23:21:00','D1',0.018),('2020-01-01 23:22:00','D1',0.114),('2020-01-01 23:23:00','D1',0.889),('2020-01-01 23:24:00','D1',0.370),('2020-01-01 23:25:00','D1',0.213),('2020-01-01 23:26:00','D1',0.727),('2020-01-01 23:27:00','D1',0.726),('2020-01-01 23:28:00','D1',0.398),('2020-01-01 23:29:00','D1',0.015),('2020-01-01 23:30:00','D1',0.108),('2020-01-01 23:31:00','D1',0.760),('2020-01-01 23:32:00','D1',0.560),('2020-01-01 23:33:00','D1',0.737),('2020-01-01 23:34:00','D1',0.765),('2020-01-01 23:35:00','D1',0.555),('2020-01-01 23:36:00','D1',0.135),('2020-01-01 23:37:00','D1',0.468),('2020-01-01 23:38:00','D1',0.474),('2020-01-01 23:39:00','D1',0.305),('2020-01-01 23:40:00','D1',0.391),('2020-01-01 23:41:00','D1',0.635),('2020-01-01 23:42:00','D1',0.435),('2020-01-01 23:43:00','D1',0.847),('2020-01-01 23:44:00','D1',0.928),('2020-01-01 23:45:00','D1',0.057),('2020-01-01 23:46:00','D1',0.725),('2020-01-01 23:47:00','D1',0.761),('2020-01-01 23:48:00','D1',0.545),('2020-01-01 23:49:00','D1',0.202),('2020-01-01 23:50:00','D1',0.297),('2020-01-01 23:51:00','D1',0.493),('2020-01-01 23:52:00','D1',0.563),('2020-01-01 23:53:00','D1',0.239),('2020-01-01 23:54:00','D1',0.889),('2020-01-01 23:55:00','D1',0.309),('2020-01-01 23:56:00','D1',0.290),('2020-01-01 23:57:00','D1',0.632),('2020-01-01 23:58:00','D1',0.867),('2020-01-01 23:59:00','D1',0.619),('2020-01-01 00:00:00','D2',0.663),('2020-01-01 00:01:00','D2',0.930),('2020-01-01 00:02:00','D2',0.532),('2020-01-01 00:03:00','D2',0.703),('2020-01-01 00:04:00','D2',0.322),('2020-01-01 00:05:00','D2',0.792),('2020-01-01 00:06:00','D2',0.958),('2020-01-01 00:07:00','D2',0.935),('2020-01-01 00:08:00','D2',0.108),('2020-01-01 00:09:00','D2',0.521),('2020-01-01 00:10:00','D2',0.270),('2020-01-01 00:11:00','D2',0.101),('2020-01-01 00:12:00','D2',0.907),('2020-01-01 00:13:00','D2',0.889),('2020-01-01 00:14:00','D2',0.555),('2020-01-01 00:15:00','D2',0.893),('2020-01-01 00:16:00','D2',0.884),('2020-01-01 00:17:00','D2',0.107),('2020-01-01 00:18:00','D2',0.976),('2020-01-01 00:19:00','D2',0.781),('2020-01-01 00:20:00','D2',0.179),('2020-01-01 00:21:00','D2',0.687),('2020-01-01 00:22:00','D2',0.785),('2020-01-01 00:23:00','D2',0.861),('2020-01-01 00:24:00','D2',0.127),('2020-01-01 00:25:00','D2',0.335),('2020-01-01 00:26:00','D2',0.236),('2020-01-01 00:27:00','D2',0.217),('2020-01-01 00:28:00','D2',0.688),('2020-01-01 00:29:00','D2',0.331),('2020-01-01 00:30:00','D2',0.118),('2020-01-01 00:31:00','D2',0.675),('2020-01-01 00:32:00','D2',0.012),('2020-01-01 00:33:00','D2',0.920),('2020-01-01 00:34:00','D2',0.841),('2020-01-01 00:35:00','D2',0.990),('2020-01-01 00:36:00','D2',0.486),('2020-01-01 00:37:00','D2',0.740),('2020-01-01 00:38:00','D2',0.882),('2020-01-01 00:39:00','D2',0.558),('2020-01-01 00:40:00','D2',0.198),('2020-01-01 00:41:00','D2',0.189),('2020-01-01 00:42:00','D2',0.925),('2020-01-01 00:43:00','D2',0.745),('2020-01-01 00:44:00','D2',0.474),('2020-01-01 00:45:00','D2',0.966),('2020-01-01 00:46:00','D2',0.224),('2020-01-01 00:47:00','D2',0.781),('2020-01-01 00:48:00','D2',0.024),('2020-01-01 00:49:00','D2',0.697),('2020-01-01 00:50:00','D2',0.530),('2020-01-01 00:51:00','D2',0.964),('2020-01-01 00:52:00','D2',0.304),('2020-01-01 00:53:00','D2',0.687),('2020-01-01 00:54:00','D2',0.460),('2020-01-01 00:55:00','D2',0.615),('2020-01-01 00:56:00','D2',0.864),('2020-01-01 00:57:00','D2',0.363),('2020-01-01 00:58:00','D2',0.307),('2020-01-01 00:59:00','D2',0.808),('2020-01-01 01:00:00','D2',0.843),('2020-01-01 01:01:00','D2',0.890),('2020-01-01 01:02:00','D2',0.113),('2020-01-01 01:03:00','D2',0.429),('2020-01-01 01:04:00','D2',0.270),('2020-01-01 01:05:00','D2',0.780),('2020-01-01 01:06:00','D2',0.301),('2020-01-01 01:07:00','D2',0.500),('2020-01-01 01:08:00','D2',0.478),('2020-01-01 01:09:00','D2',0.049),('2020-01-01 01:10:00','D2',0.254),('2020-01-01 01:11:00','D2',0.047),('2020-01-01 01:12:00','D2',0.818),('2020-01-01 01:13:00','D2',0.638),('2020-01-01 01:14:00','D2',0.049),('2020-01-01 01:15:00','D2',0.998),('2020-01-01 01:16:00','D2',0.774),('2020-01-01 01:17:00','D2',0.338),('2020-01-01 01:18:00','D2',0.954),('2020-01-01 01:19:00','D2',0.731),('2020-01-01 01:20:00','D2',0.778),('2020-01-01 01:21:00','D2',0.439),('2020-01-01 01:22:00','D2',0.409),('2020-01-01 01:23:00','D2',0.940),('2020-01-01 01:24:00','D2',0.269),('2020-01-01 01:25:00','D2',0.692),('2020-01-01 01:26:00','D2',0.941),('2020-01-01 01:27:00','D2',0.402),('2020-01-01 01:28:00','D2',0.026),('2020-01-01 01:29:00','D2',0.910),('2020-01-01 01:30:00','D2',0.877),('2020-01-01 01:31:00','D2',0.108),('2020-01-01 01:32:00','D2',0.399),('2020-01-01 01:33:00','D2',0.757),('2020-01-01 01:34:00','D2',0.791),('2020-01-01 01:35:00','D2',0.958),('2020-01-01 01:36:00','D2',0.814),('2020-01-01 01:37:00','D2',0.815),('2020-01-01 01:38:00','D2',0.300),('2020-01-01 01:39:00','D2',0.882),('2020-01-01 01:40:00','D2',0.858),('2020-01-01 01:41:00','D2',0.037),('2020-01-01 01:42:00','D2',0.237),('2020-01-01 01:43:00','D2',0.815),('2020-01-01 01:44:00','D2',0.332),('2020-01-01 01:45:00','D2',0.075),('2020-01-01 01:46:00','D2',0.230),('2020-01-01 01:47:00','D2',0.447),('2020-01-01 01:48:00','D2',0.875),('2020-01-01 01:49:00','D2',0.780),('2020-01-01 01:50:00','D2',0.418),('2020-01-01 01:51:00','D2',0.013),('2020-01-01 01:52:00','D2',0.162),('2020-01-01 01:53:00','D2',0.374),('2020-01-01 01:54:00','D2',0.355),('2020-01-01 01:55:00','D2',0.717),('2020-01-01 01:56:00','D2',0.211),('2020-01-01 01:57:00','D2',0.415),('2020-01-01 01:58:00','D2',0.172),('2020-01-01 01:59:00','D2',0.526),('2020-01-01 02:00:00','D2',0.055),('2020-01-01 02:01:00','D2',0.685),('2020-01-01 02:02:00','D2',0.717),('2020-01-01 02:03:00','D2',0.231),('2020-01-01 02:04:00','D2',0.868),('2020-01-01 02:05:00','D2',0.581),('2020-01-01 02:06:00','D2',0.675),('2020-01-01 02:07:00','D2',0.613),('2020-01-01 02:08:00','D2',0.655),('2020-01-01 02:09:00','D2',0.382),('2020-01-01 02:10:00','D2',0.685),('2020-01-01 02:11:00','D2',0.504),('2020-01-01 02:12:00','D2',0.802),('2020-01-01 02:13:00','D2',0.057),('2020-01-01 02:14:00','D2',0.039),('2020-01-01 02:15:00','D2',0.349),('2020-01-01 02:16:00','D2',0.071),('2020-01-01 02:17:00','D2',0.869),('2020-01-01 02:18:00','D2',0.874),('2020-01-01 02:19:00','D2',0.565),('2020-01-01 02:20:00','D2',0.145),('2020-01-01 02:21:00','D2',0.135),('2020-01-01 02:22:00','D2',0.672),('2020-01-01 02:23:00','D2',0.675),('2020-01-01 02:24:00','D2',0.441),('2020-01-01 02:25:00','D2',0.903),('2020-01-01 02:26:00','D2',0.478),('2020-01-01 02:27:00','D2',0.680),('2020-01-01 02:28:00','D2',0.708),('2020-01-01 02:29:00','D2',0.243),('2020-01-01 02:30:00','D2',0.512),('2020-01-01 02:31:00','D2',0.603),('2020-01-01 02:32:00','D2',0.885),('2020-01-01 02:33:00','D2',0.030),('2020-01-01 02:34:00','D2',0.724),('2020-01-01 02:35:00','D2',0.496),('2020-01-01 02:36:00','D2',0.790),('2020-01-01 02:37:00','D2',0.869),('2020-01-01 02:38:00','D2',0.437),('2020-01-01 02:39:00','D2',0.416),('2020-01-01 02:40:00','D2',0.484),('2020-01-01 02:41:00','D2',0.816),('2020-01-01 02:42:00','D2',0.395),('2020-01-01 02:43:00','D2',0.089),('2020-01-01 02:44:00','D2',0.559),('2020-01-01 02:45:00','D2',0.083),('2020-01-01 02:46:00','D2',0.455),('2020-01-01 02:47:00','D2',0.000),('2020-01-01 02:48:00','D2',0.192),('2020-01-01 02:49:00','D2',0.801),('2020-01-01 02:50:00','D2',0.639),('2020-01-01 02:51:00','D2',0.660),('2020-01-01 02:52:00','D2',0.522),('2020-01-01 02:53:00','D2',0.209),('2020-01-01 02:54:00','D2',0.495),('2020-01-01 02:55:00','D2',0.651),('2020-01-01 02:56:00','D2',0.809),('2020-01-01 02:57:00','D2',0.345),('2020-01-01 02:58:00','D2',0.516),('2020-01-01 02:59:00','D2',0.860),('2020-01-01 03:00:00','D2',0.858),('2020-01-01 03:01:00','D2',0.450),('2020-01-01 03:02:00','D2',0.889),('2020-01-01 03:03:00','D2',0.984),('2020-01-01 03:04:00','D2',0.426),('2020-01-01 03:05:00','D2',0.787),('2020-01-01 03:06:00','D2',0.993),('2020-01-01 03:07:00','D2',0.999),('2020-01-01 03:08:00','D2',0.633),('2020-01-01 03:09:00','D2',0.517),('2020-01-01 03:10:00','D2',0.866),('2020-01-01 03:11:00','D2',0.801),('2020-01-01 03:12:00','D2',0.978),('2020-01-01 03:13:00','D2',0.619),('2020-01-01 03:14:00','D2',0.340),('2020-01-01 03:15:00','D2',0.602),('2020-01-01 03:16:00','D2',0.161),('2020-01-01 03:17:00','D2',0.556),('2020-01-01 03:18:00','D2',0.651),('2020-01-01 03:19:00','D2',0.032),('2020-01-01 03:20:00','D2',0.795),('2020-01-01 03:21:00','D2',0.559),('2020-01-01 03:22:00','D2',0.133),('2020-01-01 03:23:00','D2',0.073),('2020-01-01 03:24:00','D2',0.037),('2020-01-01 03:25:00','D2',0.931),('2020-01-01 03:26:00','D2',0.995),('2020-01-01 03:27:00','D2',0.114),('2020-01-01 03:28:00','D2',0.312),('2020-01-01 03:29:00','D2',0.743),('2020-01-01 03:30:00','D2',0.333),('2020-01-01 03:31:00','D2',0.442),('2020-01-01 03:32:00','D2',0.616),('2020-01-01 03:33:00','D2',0.666),('2020-01-01 03:34:00','D2',0.216),('2020-01-01 03:35:00','D2',0.417),('2020-01-01 03:36:00','D2',0.309),('2020-01-01 03:37:00','D2',0.427),('2020-01-01 03:38:00','D2',0.131),('2020-01-01 03:39:00','D2',0.441),('2020-01-01 03:40:00','D2',0.934),('2020-01-01 03:41:00','D2',0.587),('2020-01-01 03:42:00','D2',0.099),('2020-01-01 03:43:00','D2',0.586),('2020-01-01 03:44:00','D2',0.348),('2020-01-01 03:45:00','D2',0.894),('2020-01-01 03:46:00','D2',0.528),('2020-01-01 03:47:00','D2',0.389),('2020-01-01 03:48:00','D2',0.377),('2020-01-01 03:49:00','D2',0.471),('2020-01-01 03:50:00','D2',0.203),('2020-01-01 03:51:00','D2',0.912),('2020-01-01 03:52:00','D2',0.288),('2020-01-01 03:53:00','D2',0.485),('2020-01-01 03:54:00','D2',0.854),('2020-01-01 03:55:00','D2',0.633),('2020-01-01 03:56:00','D2',0.583),('2020-01-01 03:57:00','D2',0.752),('2020-01-01 03:58:00','D2',0.452),('2020-01-01 03:59:00','D2',0.089),('2020-01-01 04:00:00','D2',0.029),('2020-01-01 04:01:00','D2',0.931),('2020-01-01 04:02:00','D2',0.677),('2020-01-01 04:03:00','D2',0.529),('2020-01-01 04:04:00','D2',0.370),('2020-01-01 04:05:00','D2',0.588),('2020-01-01 04:06:00','D2',0.050),('2020-01-01 04:07:00','D2',0.973),('2020-01-01 04:08:00','D2',0.871),('2020-01-01 04:09:00','D2',0.415),('2020-01-01 04:10:00','D2',0.824),('2020-01-01 04:11:00','D2',0.201),('2020-01-01 04:12:00','D2',0.696),('2020-01-01 04:13:00','D2',0.334),('2020-01-01 04:14:00','D2',0.085),('2020-01-01 04:15:00','D2',0.212),('2020-01-01 04:16:00','D2',0.144),('2020-01-01 04:17:00','D2',0.030),('2020-01-01 04:18:00','D2',0.450),('2020-01-01 04:19:00','D2',0.562),('2020-01-01 04:20:00','D2',0.927),('2020-01-01 04:21:00','D2',0.720),('2020-01-01 04:22:00','D2',0.376),('2020-01-01 04:23:00','D2',0.856),('2020-01-01 04:24:00','D2',0.999),('2020-01-01 04:25:00','D2',0.573),('2020-01-01 04:26:00','D2',0.384),('2020-01-01 04:27:00','D2',0.352),('2020-01-01 04:28:00','D2',0.935),('2020-01-01 04:29:00','D2',0.300),('2020-01-01 04:30:00','D2',0.420),('2020-01-01 04:31:00','D2',0.303),('2020-01-01 04:32:00','D2',0.495),('2020-01-01 04:33:00','D2',0.837),('2020-01-01 04:34:00','D2',0.188),('2020-01-01 04:35:00','D2',0.155),('2020-01-01 04:36:00','D2',0.783),('2020-01-01 04:37:00','D2',0.950),('2020-01-01 04:38:00','D2',0.504),('2020-01-01 04:39:00','D2',0.210),('2020-01-01 04:40:00','D2',0.397),('2020-01-01 04:41:00','D2',0.836),('2020-01-01 04:42:00','D2',0.659),('2020-01-01 04:43:00','D2',0.663),('2020-01-01 04:44:00','D2',0.034),('2020-01-01 04:45:00','D2',0.484),('2020-01-01 04:46:00','D2',0.320),('2020-01-01 04:47:00','D2',0.220),('2020-01-01 04:48:00','D2',0.307),('2020-01-01 04:49:00','D2',0.636),('2020-01-01 04:50:00','D2',0.706),('2020-01-01 04:51:00','D2',0.643),('2020-01-01 04:52:00','D2',0.936),('2020-01-01 04:53:00','D2',0.683),('2020-01-01 04:54:00','D2',0.669),('2020-01-01 04:55:00','D2',0.619),('2020-01-01 04:56:00','D2',0.041),('2020-01-01 04:57:00','D2',0.718),('2020-01-01 04:58:00','D2',0.828),('2020-01-01 04:59:00','D2',0.378),('2020-01-01 05:00:00','D2',0.022),('2020-01-01 05:01:00','D2',0.284),('2020-01-01 05:02:00','D2',0.076),('2020-01-01 05:03:00','D2',0.293),('2020-01-01 05:04:00','D2',0.379),('2020-01-01 05:05:00','D2',0.045),('2020-01-01 05:06:00','D2',0.646),('2020-01-01 05:07:00','D2',0.547),('2020-01-01 05:08:00','D2',0.870),('2020-01-01 05:09:00','D2',0.736),('2020-01-01 05:10:00','D2',0.405),('2020-01-01 05:11:00','D2',0.597),('2020-01-01 05:12:00','D2',0.608),('2020-01-01 05:13:00','D2',0.265),('2020-01-01 05:14:00','D2',0.186),('2020-01-01 05:15:00','D2',0.789),('2020-01-01 05:16:00','D2',0.070),('2020-01-01 05:17:00','D2',0.765),('2020-01-01 05:18:00','D2',0.811),('2020-01-01 05:19:00','D2',0.986),('2020-01-01 05:20:00','D2',0.468),('2020-01-01 05:21:00','D2',0.724),('2020-01-01 05:22:00','D2',0.885),('2020-01-01 05:23:00','D2',0.443),('2020-01-01 05:24:00','D2',0.642),('2020-01-01 05:25:00','D2',0.066),('2020-01-01 05:26:00','D2',0.596),('2020-01-01 05:27:00','D2',0.546),('2020-01-01 05:28:00','D2',0.427),('2020-01-01 05:29:00','D2',0.208),('2020-01-01 05:30:00','D2',0.513),('2020-01-01 05:31:00','D2',0.196),('2020-01-01 05:32:00','D2',0.445),('2020-01-01 05:33:00','D2',0.646),('2020-01-01 05:34:00','D2',0.815),('2020-01-01 05:35:00','D2',0.767),('2020-01-01 05:36:00','D2',0.412),('2020-01-01 05:37:00','D2',0.605),('2020-01-01 05:38:00','D2',0.483),('2020-01-01 05:39:00','D2',0.638),('2020-01-01 05:40:00','D2',0.332),('2020-01-01 05:41:00','D2',0.648),('2020-01-01 05:42:00','D2',0.712),('2020-01-01 05:43:00','D2',0.175),('2020-01-01 05:44:00','D2',0.401),('2020-01-01 05:45:00','D2',0.893),('2020-01-01 05:46:00','D2',0.240),('2020-01-01 05:47:00','D2',0.948),('2020-01-01 05:48:00','D2',0.079),('2020-01-01 05:49:00','D2',0.685),('2020-01-01 05:50:00','D2',0.304),('2020-01-01 05:51:00','D2',0.697),('2020-01-01 05:52:00','D2',0.499),('2020-01-01 05:53:00','D2',0.146),('2020-01-01 05:54:00','D2',0.696),('2020-01-01 05:55:00','D2',0.206),('2020-01-01 05:56:00','D2',0.355),('2020-01-01 05:57:00','D2',0.995),('2020-01-01 05:58:00','D2',0.721),('2020-01-01 05:59:00','D2',0.861),('2020-01-01 06:00:00','D2',0.434),('2020-01-01 06:01:00','D2',0.476),('2020-01-01 06:02:00','D2',0.921),('2020-01-01 06:03:00','D2',0.075),('2020-01-01 06:04:00','D2',0.250),('2020-01-01 06:05:00','D2',0.964),('2020-01-01 06:06:00','D2',0.103),('2020-01-01 06:07:00','D2',0.204),('2020-01-01 06:08:00','D2',0.562),('2020-01-01 06:09:00','D2',0.093),('2020-01-01 06:10:00','D2',0.531),('2020-01-01 06:11:00','D2',0.831),('2020-01-01 06:12:00','D2',0.139),('2020-01-01 06:13:00','D2',0.822),('2020-01-01 06:14:00','D2',0.170),('2020-01-01 06:15:00','D2',0.485),('2020-01-01 06:16:00','D2',0.835),('2020-01-01 06:17:00','D2',0.894),('2020-01-01 06:18:00','D2',0.502),('2020-01-01 06:19:00','D2',0.987),('2020-01-01 06:20:00','D2',0.883),('2020-01-01 06:21:00','D2',0.558),('2020-01-01 06:22:00','D2',0.758),('2020-01-01 06:23:00','D2',0.588),('2020-01-01 06:24:00','D2',0.321),('2020-01-01 06:25:00','D2',0.277),('2020-01-01 06:26:00','D2',0.350),('2020-01-01 06:27:00','D2',0.997),('2020-01-01 06:28:00','D2',0.664),('2020-01-01 06:29:00','D2',0.356),('2020-01-01 06:30:00','D2',0.948),('2020-01-01 06:31:00','D2',0.211),('2020-01-01 06:32:00','D2',0.217),('2020-01-01 06:33:00','D2',0.095),('2020-01-01 06:34:00','D2',0.891),('2020-01-01 06:35:00','D2',0.771),('2020-01-01 06:36:00','D2',0.950),('2020-01-01 06:37:00','D2',0.108),('2020-01-01 06:38:00','D2',0.573),('2020-01-01 06:39:00','D2',0.713),('2020-01-01 06:40:00','D2',0.462),('2020-01-01 06:41:00','D2',0.918),('2020-01-01 06:42:00','D2',0.034),('2020-01-01 06:43:00','D2',0.007),('2020-01-01 06:44:00','D2',0.365),('2020-01-01 06:45:00','D2',0.791),('2020-01-01 06:46:00','D2',0.224),('2020-01-01 06:47:00','D2',0.730),('2020-01-01 06:48:00','D2',0.377),('2020-01-01 06:49:00','D2',0.049),('2020-01-01 06:50:00','D2',0.326),('2020-01-01 06:51:00','D2',0.558),('2020-01-01 06:52:00','D2',0.499),('2020-01-01 06:53:00','D2',0.782),('2020-01-01 06:54:00','D2',0.068),('2020-01-01 06:55:00','D2',0.421),('2020-01-01 06:56:00','D2',0.949),('2020-01-01 06:57:00','D2',0.952),('2020-01-01 06:58:00','D2',0.186),('2020-01-01 06:59:00','D2',0.334),('2020-01-01 07:00:00','D2',0.899),('2020-01-01 07:01:00','D2',0.385),('2020-01-01 07:02:00','D2',0.056),('2020-01-01 07:03:00','D2',0.461),('2020-01-01 07:04:00','D2',0.673),('2020-01-01 07:05:00','D2',0.023),('2020-01-01 07:06:00','D2',0.053),('2020-01-01 07:07:00','D2',0.477),('2020-01-01 07:08:00','D2',0.788),('2020-01-01 07:09:00','D2',0.138),('2020-01-01 07:10:00','D2',0.372),('2020-01-01 07:11:00','D2',0.142),('2020-01-01 07:12:00','D2',0.085),('2020-01-01 07:13:00','D2',0.884),('2020-01-01 07:14:00','D2',0.897),('2020-01-01 07:15:00','D2',0.796),('2020-01-01 07:16:00','D2',0.271),('2020-01-01 07:17:00','D2',0.703),('2020-01-01 07:18:00','D2',0.182),('2020-01-01 07:19:00','D2',0.199),('2020-01-01 07:20:00','D2',0.384),('2020-01-01 07:21:00','D2',0.622),('2020-01-01 07:22:00','D2',0.796),('2020-01-01 07:23:00','D2',0.693),('2020-01-01 07:24:00','D2',0.033),('2020-01-01 07:25:00','D2',0.372),('2020-01-01 07:26:00','D2',0.035),('2020-01-01 07:27:00','D2',0.217),('2020-01-01 07:28:00','D2',0.797),('2020-01-01 07:29:00','D2',0.648),('2020-01-01 07:30:00','D2',0.551),('2020-01-01 07:31:00','D2',0.081),('2020-01-01 07:32:00','D2',0.832),('2020-01-01 07:33:00','D2',0.508),('2020-01-01 07:34:00','D2',0.484),('2020-01-01 07:35:00','D2',0.738),('2020-01-01 07:36:00','D2',0.557),('2020-01-01 07:37:00','D2',0.105),('2020-01-01 07:38:00','D2',0.528),('2020-01-01 07:39:00','D2',0.022),('2020-01-01 07:40:00','D2',0.268),('2020-01-01 07:41:00','D2',0.466),('2020-01-01 07:42:00','D2',0.766),('2020-01-01 07:43:00','D2',0.429),('2020-01-01 07:44:00','D2',0.673),('2020-01-01 07:45:00','D2',0.999),('2020-01-01 07:46:00','D2',0.193),('2020-01-01 07:47:00','D2',0.082),('2020-01-01 07:48:00','D2',0.632),('2020-01-01 07:49:00','D2',0.788),('2020-01-01 07:50:00','D2',0.624),('2020-01-01 07:51:00','D2',0.931),('2020-01-01 07:52:00','D2',0.848),('2020-01-01 07:53:00','D2',0.473),('2020-01-01 07:54:00','D2',0.051),('2020-01-01 07:55:00','D2',0.630),('2020-01-01 07:56:00','D2',0.825),('2020-01-01 07:57:00','D2',0.732),('2020-01-01 07:58:00','D2',0.598),('2020-01-01 07:59:00','D2',0.236),('2020-01-01 08:00:00','D2',0.228),('2020-01-01 08:01:00','D2',0.917),('2020-01-01 08:02:00','D2',0.935),('2020-01-01 08:03:00','D2',0.583),('2020-01-01 08:04:00','D2',0.641),('2020-01-01 08:05:00','D2',0.435),('2020-01-01 08:06:00','D2',0.366),('2020-01-01 08:07:00','D2',0.725),('2020-01-01 08:08:00','D2',0.844),('2020-01-01 08:09:00','D2',0.817),('2020-01-01 08:10:00','D2',0.865),('2020-01-01 08:11:00','D2',0.320),('2020-01-01 08:12:00','D2',0.918),('2020-01-01 08:13:00','D2',0.249),('2020-01-01 08:14:00','D2',0.981),('2020-01-01 08:15:00','D2',0.215),('2020-01-01 08:16:00','D2',0.913),('2020-01-01 08:17:00','D2',0.534),('2020-01-01 08:18:00','D2',0.921),('2020-01-01 08:19:00','D2',0.768),('2020-01-01 08:20:00','D2',0.329),('2020-01-01 08:21:00','D2',0.069),('2020-01-01 08:22:00','D2',0.062),('2020-01-01 08:23:00','D2',0.639),('2020-01-01 08:24:00','D2',0.380),('2020-01-01 08:25:00','D2',0.441),('2020-01-01 08:26:00','D2',0.848),('2020-01-01 08:27:00','D2',0.888),('2020-01-01 08:28:00','D2',0.846),('2020-01-01 08:29:00','D2',0.689),('2020-01-01 08:30:00','D2',0.298),('2020-01-01 08:31:00','D2',0.211),('2020-01-01 08:32:00','D2',0.358),('2020-01-01 08:33:00','D2',0.077),('2020-01-01 08:34:00','D2',0.343),('2020-01-01 08:35:00','D2',0.057),('2020-01-01 08:36:00','D2',0.116),('2020-01-01 08:37:00','D2',0.498),('2020-01-01 08:38:00','D2',0.821),('2020-01-01 08:39:00','D2',0.206),('2020-01-01 08:40:00','D2',0.343),('2020-01-01 08:41:00','D2',0.261),('2020-01-01 08:42:00','D2',0.233),('2020-01-01 08:43:00','D2',0.075),('2020-01-01 08:44:00','D2',0.310),('2020-01-01 08:45:00','D2',0.050),('2020-01-01 08:46:00','D2',0.306),('2020-01-01 08:47:00','D2',0.695),('2020-01-01 08:48:00','D2',0.362),('2020-01-01 08:49:00','D2',0.334),('2020-01-01 08:50:00','D2',0.004),('2020-01-01 08:51:00','D2',0.791),('2020-01-01 08:52:00','D2',0.176),('2020-01-01 08:53:00','D2',0.333),('2020-01-01 08:54:00','D2',0.854),('2020-01-01 08:55:00','D2',0.873),('2020-01-01 08:56:00','D2',0.455),('2020-01-01 08:57:00','D2',0.957),('2020-01-01 08:58:00','D2',0.383),('2020-01-01 08:59:00','D2',0.590),('2020-01-01 09:00:00','D2',0.341),('2020-01-01 09:01:00','D2',0.768),('2020-01-01 09:02:00','D2',0.008),('2020-01-01 09:03:00','D2',0.827),('2020-01-01 09:04:00','D2',0.108),('2020-01-01 09:05:00','D2',0.139),('2020-01-01 09:06:00','D2',0.933),('2020-01-01 09:07:00','D2',0.226),('2020-01-01 09:08:00','D2',0.116),('2020-01-01 09:09:00','D2',0.242),('2020-01-01 09:10:00','D2',0.487),('2020-01-01 09:11:00','D2',0.856),('2020-01-01 09:12:00','D2',0.563),('2020-01-01 09:13:00','D2',0.416),('2020-01-01 09:14:00','D2',0.870),('2020-01-01 09:15:00','D2',0.725),('2020-01-01 09:16:00','D2',0.338),('2020-01-01 09:17:00','D2',0.738),('2020-01-01 09:18:00','D2',0.443),('2020-01-01 09:19:00','D2',0.726),('2020-01-01 09:20:00','D2',0.128),('2020-01-01 09:21:00','D2',0.374),('2020-01-01 09:22:00','D2',0.551),('2020-01-01 09:23:00','D2',0.381),('2020-01-01 09:24:00','D2',0.005),('2020-01-01 09:25:00','D2',0.347),('2020-01-01 09:26:00','D2',0.362),('2020-01-01 09:27:00','D2',0.447),('2020-01-01 09:28:00','D2',0.896),('2020-01-01 09:29:00','D2',0.922),('2020-01-01 09:30:00','D2',0.354),('2020-01-01 09:31:00','D2',0.042),('2020-01-01 09:32:00','D2',0.728),('2020-01-01 09:33:00','D2',0.720),('2020-01-01 09:34:00','D2',0.907),('2020-01-01 09:35:00','D2',0.453),('2020-01-01 09:36:00','D2',0.502),('2020-01-01 09:37:00','D2',0.996),('2020-01-01 09:38:00','D2',0.890),('2020-01-01 09:39:00','D2',0.206),('2020-01-01 09:40:00','D2',0.278),('2020-01-01 09:41:00','D2',0.269),('2020-01-01 09:42:00','D2',0.304),('2020-01-01 09:43:00','D2',0.290),('2020-01-01 09:44:00','D2',0.828),('2020-01-01 09:45:00','D2',0.634),('2020-01-01 09:46:00','D2',0.766),('2020-01-01 09:47:00','D2',0.649),('2020-01-01 09:48:00','D2',0.731),('2020-01-01 09:49:00','D2',0.643),('2020-01-01 09:50:00','D2',0.100),('2020-01-01 09:51:00','D2',0.187),('2020-01-01 09:52:00','D2',0.792),('2020-01-01 09:53:00','D2',0.575),('2020-01-01 09:54:00','D2',0.357),('2020-01-01 09:55:00','D2',0.579),('2020-01-01 09:56:00','D2',0.997),('2020-01-01 09:57:00','D2',0.317),('2020-01-01 09:58:00','D2',0.367),('2020-01-01 09:59:00','D2',0.101),('2020-01-01 10:00:00','D2',0.617),('2020-01-01 10:01:00','D2',0.825),('2020-01-01 10:02:00','D2',0.283),('2020-01-01 10:03:00','D2',0.554),('2020-01-01 10:04:00','D2',0.741),('2020-01-01 10:05:00','D2',0.304),('2020-01-01 10:06:00','D2',0.697),('2020-01-01 10:07:00','D2',0.125),('2020-01-01 10:08:00','D2',0.222),('2020-01-01 10:09:00','D2',0.859),('2020-01-01 10:10:00','D2',0.558),('2020-01-01 10:11:00','D2',0.648),('2020-01-01 10:12:00','D2',0.975),('2020-01-01 10:13:00','D2',0.322),('2020-01-01 10:14:00','D2',0.556),('2020-01-01 10:15:00','D2',0.354),('2020-01-01 10:16:00','D2',0.639),('2020-01-01 10:17:00','D2',0.387),('2020-01-01 10:18:00','D2',0.614),('2020-01-01 10:19:00','D2',0.608),('2020-01-01 10:20:00','D2',0.826),('2020-01-01 10:21:00','D2',0.958),('2020-01-01 10:22:00','D2',0.844),('2020-01-01 10:23:00','D2',0.578),('2020-01-01 10:24:00','D2',0.587),('2020-01-01 10:25:00','D2',0.856),('2020-01-01 10:26:00','D2',0.661),('2020-01-01 10:27:00','D2',0.993),('2020-01-01 10:28:00','D2',0.268),('2020-01-01 10:29:00','D2',0.612),('2020-01-01 10:30:00','D2',0.727),('2020-01-01 10:31:00','D2',0.420),('2020-01-01 10:32:00','D2',0.609),('2020-01-01 10:33:00','D2',0.117),('2020-01-01 10:34:00','D2',0.080),('2020-01-01 10:35:00','D2',0.519),('2020-01-01 10:36:00','D2',0.827),('2020-01-01 10:37:00','D2',0.309),('2020-01-01 10:38:00','D2',0.084),('2020-01-01 10:39:00','D2',0.776),('2020-01-01 10:40:00','D2',0.409),('2020-01-01 10:41:00','D2',0.935),('2020-01-01 10:42:00','D2',0.821),('2020-01-01 10:43:00','D2',0.124),('2020-01-01 10:44:00','D2',0.524),('2020-01-01 10:45:00','D2',0.635),('2020-01-01 10:46:00','D2',0.155),('2020-01-01 10:47:00','D2',0.668),('2020-01-01 10:48:00','D2',0.289),('2020-01-01 10:49:00','D2',0.261),('2020-01-01 10:50:00','D2',0.997),('2020-01-01 10:51:00','D2',0.457),('2020-01-01 10:52:00','D2',0.589),('2020-01-01 10:53:00','D2',0.390),('2020-01-01 10:54:00','D2',0.201),('2020-01-01 10:55:00','D2',0.884),('2020-01-01 10:56:00','D2',0.825),('2020-01-01 10:57:00','D2',0.449),('2020-01-01 10:58:00','D2',0.147),('2020-01-01 10:59:00','D2',0.815),('2020-01-01 11:00:00','D2',0.702),('2020-01-01 11:01:00','D2',0.726),('2020-01-01 11:02:00','D2',0.289),('2020-01-01 11:03:00','D2',0.010),('2020-01-01 11:04:00','D2',0.183),('2020-01-01 11:05:00','D2',0.835),('2020-01-01 11:06:00','D2',0.861),('2020-01-01 11:07:00','D2',0.736),('2020-01-01 11:08:00','D2',0.789),('2020-01-01 11:09:00','D2',0.840),('2020-01-01 11:10:00','D2',0.499),('2020-01-01 11:11:00','D2',0.718),('2020-01-01 11:12:00','D2',0.715),('2020-01-01 11:13:00','D2',0.370),('2020-01-01 11:14:00','D2',0.729),('2020-01-01 11:15:00','D2',0.762),('2020-01-01 11:16:00','D2',0.645),('2020-01-01 11:17:00','D2',0.517),('2020-01-01 11:18:00','D2',0.173),('2020-01-01 11:19:00','D2',0.423),('2020-01-01 11:20:00','D2',0.727),('2020-01-01 11:21:00','D2',0.209),('2020-01-01 11:22:00','D2',0.831),('2020-01-01 11:23:00','D2',0.084),('2020-01-01 11:24:00','D2',0.887),('2020-01-01 11:25:00','D2',0.071),('2020-01-01 11:26:00','D2',1.000),('2020-01-01 11:27:00','D2',0.677),('2020-01-01 11:28:00','D2',0.572),('2020-01-01 11:29:00','D2',0.456),('2020-01-01 11:30:00','D2',0.205),('2020-01-01 11:31:00','D2',0.082),('2020-01-01 11:32:00','D2',0.030),('2020-01-01 11:33:00','D2',0.492),('2020-01-01 11:34:00','D2',0.050),('2020-01-01 11:35:00','D2',0.909),('2020-01-01 11:36:00','D2',0.456),('2020-01-01 11:37:00','D2',0.470),('2020-01-01 11:38:00','D2',0.017),('2020-01-01 11:39:00','D2',0.986),('2020-01-01 11:40:00','D2',0.685),('2020-01-01 11:41:00','D2',0.840),('2020-01-01 11:42:00','D2',0.070),('2020-01-01 11:43:00','D2',0.373),('2020-01-01 11:44:00','D2',0.604),('2020-01-01 11:45:00','D2',0.426),('2020-01-01 11:46:00','D2',0.385),('2020-01-01 11:47:00','D2',0.138),('2020-01-01 11:48:00','D2',0.165),('2020-01-01 11:49:00','D2',0.192),('2020-01-01 11:50:00','D2',0.635),('2020-01-01 11:51:00','D2',0.424),('2020-01-01 11:52:00','D2',0.673),('2020-01-01 11:53:00','D2',0.043),('2020-01-01 11:54:00','D2',0.061),('2020-01-01 11:55:00','D2',0.617),('2020-01-01 11:56:00','D2',0.004),('2020-01-01 11:57:00','D2',0.702),('2020-01-01 11:58:00','D2',0.973),('2020-01-01 11:59:00','D2',0.475),('2020-01-01 12:00:00','D2',0.578),('2020-01-01 12:01:00','D2',0.661),('2020-01-01 12:02:00','D2',0.428),('2020-01-01 12:03:00','D2',0.193),('2020-01-01 12:04:00','D2',0.167),('2020-01-01 12:05:00','D2',0.553),('2020-01-01 12:06:00','D2',0.569),('2020-01-01 12:07:00','D2',0.260),('2020-01-01 12:08:00','D2',0.093),('2020-01-01 12:09:00','D2',0.092),('2020-01-01 12:10:00','D2',0.529),('2020-01-01 12:11:00','D2',0.855),('2020-01-01 12:12:00','D2',0.970),('2020-01-01 12:13:00','D2',0.871),('2020-01-01 12:14:00','D2',0.848),('2020-01-01 12:15:00','D2',0.255),('2020-01-01 12:16:00','D2',0.903),('2020-01-01 12:17:00','D2',0.921),('2020-01-01 12:18:00','D2',0.066),('2020-01-01 12:19:00','D2',0.409),('2020-01-01 12:20:00','D2',0.982),('2020-01-01 12:21:00','D2',0.898),('2020-01-01 12:22:00','D2',0.549),('2020-01-01 12:23:00','D2',0.382),('2020-01-01 12:24:00','D2',0.983),('2020-01-01 12:25:00','D2',0.182),('2020-01-01 12:26:00','D2',0.597),('2020-01-01 12:27:00','D2',0.872),('2020-01-01 12:28:00','D2',0.416),('2020-01-01 12:29:00','D2',0.963),('2020-01-01 12:30:00','D2',0.608),('2020-01-01 12:31:00','D2',0.346),('2020-01-01 12:32:00','D2',0.450),('2020-01-01 12:33:00','D2',0.586),('2020-01-01 12:34:00','D2',0.376),('2020-01-01 12:35:00','D2',0.663),('2020-01-01 12:36:00','D2',0.793),('2020-01-01 12:37:00','D2',0.071),('2020-01-01 12:38:00','D2',0.628),('2020-01-01 12:39:00','D2',0.228),('2020-01-01 12:40:00','D2',0.292),('2020-01-01 12:41:00','D2',0.720),('2020-01-01 12:42:00','D2',0.539),('2020-01-01 12:43:00','D2',0.814),('2020-01-01 12:44:00','D2',0.895),('2020-01-01 12:45:00','D2',0.143),('2020-01-01 12:46:00','D2',0.278),('2020-01-01 12:47:00','D2',0.201),('2020-01-01 12:48:00','D2',0.609),('2020-01-01 12:49:00','D2',0.910),('2020-01-01 12:50:00','D2',0.610),('2020-01-01 12:51:00','D2',0.705),('2020-01-01 12:52:00','D2',0.269),('2020-01-01 12:53:00','D2',0.217),('2020-01-01 12:54:00','D2',0.197),('2020-01-01 12:55:00','D2',0.460),('2020-01-01 12:56:00','D2',0.261),('2020-01-01 12:57:00','D2',0.653),('2020-01-01 12:58:00','D2',0.514),('2020-01-01 12:59:00','D2',0.054),('2020-01-01 13:00:00','D2',0.809),('2020-01-01 13:01:00','D2',0.163),('2020-01-01 13:02:00','D2',0.241),('2020-01-01 13:03:00','D2',0.765),('2020-01-01 13:04:00','D2',0.083),('2020-01-01 13:05:00','D2',0.803),('2020-01-01 13:06:00','D2',0.571),('2020-01-01 13:07:00','D2',0.144),('2020-01-01 13:08:00','D2',0.189),('2020-01-01 13:09:00','D2',0.701),('2020-01-01 13:10:00','D2',0.141),('2020-01-01 13:11:00','D2',0.173),('2020-01-01 13:12:00','D2',0.030),('2020-01-01 13:13:00','D2',0.947),('2020-01-01 13:14:00','D2',0.162),('2020-01-01 13:15:00','D2',0.539),('2020-01-01 13:16:00','D2',0.150),('2020-01-01 13:17:00','D2',0.791),('2020-01-01 13:18:00','D2',0.925),('2020-01-01 13:19:00','D2',0.851),('2020-01-01 13:20:00','D2',0.931),('2020-01-01 13:21:00','D2',0.623),('2020-01-01 13:22:00','D2',0.042),('2020-01-01 13:23:00','D2',0.766),('2020-01-01 13:24:00','D2',0.931),('2020-01-01 13:25:00','D2',0.677),('2020-01-01 13:26:00','D2',0.668),('2020-01-01 13:27:00','D2',0.066),('2020-01-01 13:28:00','D2',0.725),('2020-01-01 13:29:00','D2',0.331),('2020-01-01 13:30:00','D2',0.489),('2020-01-01 13:31:00','D2',0.706),('2020-01-01 13:32:00','D2',0.351),('2020-01-01 13:33:00','D2',0.144),('2020-01-01 13:34:00','D2',0.409),('2020-01-01 13:35:00','D2',0.723),('2020-01-01 13:36:00','D2',0.332),('2020-01-01 13:37:00','D2',0.495),('2020-01-01 13:38:00','D2',0.761),('2020-01-01 13:39:00','D2',0.684),('2020-01-01 13:40:00','D2',0.315),('2020-01-01 13:41:00','D2',0.799),('2020-01-01 13:42:00','D2',0.318),('2020-01-01 13:43:00','D2',0.063),('2020-01-01 13:44:00','D2',0.545),('2020-01-01 13:45:00','D2',0.809),('2020-01-01 13:46:00','D2',0.559),('2020-01-01 13:47:00','D2',0.490),('2020-01-01 13:48:00','D2',0.759),('2020-01-01 13:49:00','D2',0.404),('2020-01-01 13:50:00','D2',0.449),('2020-01-01 13:51:00','D2',0.384),('2020-01-01 13:52:00','D2',0.602),('2020-01-01 13:53:00','D2',0.645),('2020-01-01 13:54:00','D2',0.455),('2020-01-01 13:55:00','D2',0.825),('2020-01-01 13:56:00','D2',0.317),('2020-01-01 13:57:00','D2',0.581),('2020-01-01 13:58:00','D2',0.645),('2020-01-01 13:59:00','D2',0.897),('2020-01-01 14:00:00','D2',0.321),('2020-01-01 14:01:00','D2',0.443),('2020-01-01 14:02:00','D2',0.493),('2020-01-01 14:03:00','D2',0.910),('2020-01-01 14:04:00','D2',0.211),('2020-01-01 14:05:00','D2',0.436),('2020-01-01 14:06:00','D2',0.447),('2020-01-01 14:07:00','D2',0.079),('2020-01-01 14:08:00','D2',0.941),('2020-01-01 14:09:00','D2',0.260),('2020-01-01 14:10:00','D2',0.419),('2020-01-01 14:11:00','D2',0.240),('2020-01-01 14:12:00','D2',0.146),('2020-01-01 14:13:00','D2',0.893),('2020-01-01 14:14:00','D2',0.076),('2020-01-01 14:15:00','D2',0.146),('2020-01-01 14:16:00','D2',0.079),('2020-01-01 14:17:00','D2',0.909),('2020-01-01 14:18:00','D2',0.251),('2020-01-01 14:19:00','D2',0.734),('2020-01-01 14:20:00','D2',0.229),('2020-01-01 14:21:00','D2',0.801),('2020-01-01 14:22:00','D2',0.824),('2020-01-01 14:23:00','D2',0.494),('2020-01-01 14:24:00','D2',0.424),('2020-01-01 14:25:00','D2',0.356),('2020-01-01 14:26:00','D2',0.142),('2020-01-01 14:27:00','D2',0.753),('2020-01-01 14:28:00','D2',0.177),('2020-01-01 14:29:00','D2',0.109),('2020-01-01 14:30:00','D2',0.442),('2020-01-01 14:31:00','D2',0.233),('2020-01-01 14:32:00','D2',0.085),('2020-01-01 14:33:00','D2',0.312),('2020-01-01 14:34:00','D2',0.738),('2020-01-01 14:35:00','D2',0.736),('2020-01-01 14:36:00','D2',0.330),('2020-01-01 14:37:00','D2',0.658),('2020-01-01 14:38:00','D2',0.338),('2020-01-01 14:39:00','D2',0.172),('2020-01-01 14:40:00','D2',0.723),('2020-01-01 14:41:00','D2',0.178),('2020-01-01 14:42:00','D2',0.499),('2020-01-01 14:43:00','D2',0.440),('2020-01-01 14:44:00','D2',0.256),('2020-01-01 14:45:00','D2',0.396),('2020-01-01 14:46:00','D2',0.695),('2020-01-01 14:47:00','D2',0.872),('2020-01-01 14:48:00','D2',0.870),('2020-01-01 14:49:00','D2',0.787),('2020-01-01 14:50:00','D2',0.687),('2020-01-01 14:51:00','D2',0.021),('2020-01-01 14:52:00','D2',0.943),('2020-01-01 14:53:00','D2',0.064),('2020-01-01 14:54:00','D2',0.815),('2020-01-01 14:55:00','D2',0.626),('2020-01-01 14:56:00','D2',0.073),('2020-01-01 14:57:00','D2',0.611),('2020-01-01 14:58:00','D2',0.972),('2020-01-01 14:59:00','D2',0.441),('2020-01-01 15:00:00','D2',0.866),('2020-01-01 15:01:00','D2',0.650),('2020-01-01 15:02:00','D2',0.288),('2020-01-01 15:03:00','D2',0.483),('2020-01-01 15:04:00','D2',0.761),('2020-01-01 15:05:00','D2',0.353),('2020-01-01 15:06:00','D2',0.865),('2020-01-01 15:07:00','D2',0.946),('2020-01-01 15:08:00','D2',0.443),('2020-01-01 15:09:00','D2',0.171),('2020-01-01 15:10:00','D2',0.811),('2020-01-01 15:11:00','D2',0.672),('2020-01-01 15:12:00','D2',0.979),('2020-01-01 15:13:00','D2',0.115),('2020-01-01 15:14:00','D2',0.443),('2020-01-01 15:15:00','D2',0.599),('2020-01-01 15:16:00','D2',0.649),('2020-01-01 15:17:00','D2',0.574),('2020-01-01 15:18:00','D2',0.739),('2020-01-01 15:19:00','D2',0.055),('2020-01-01 15:20:00','D2',0.384),('2020-01-01 15:21:00','D2',0.547),('2020-01-01 15:22:00','D2',0.061),('2020-01-01 15:23:00','D2',0.109),('2020-01-01 15:24:00','D2',0.803),('2020-01-01 15:25:00','D2',0.812),('2020-01-01 15:26:00','D2',0.700),('2020-01-01 15:27:00','D2',0.454),('2020-01-01 15:28:00','D2',0.149),('2020-01-01 15:29:00','D2',0.676),('2020-01-01 15:30:00','D2',0.021),('2020-01-01 15:31:00','D2',0.440),('2020-01-01 15:32:00','D2',0.806),('2020-01-01 15:33:00','D2',0.400),('2020-01-01 15:34:00','D2',0.866),('2020-01-01 15:35:00','D2',0.974),('2020-01-01 15:36:00','D2',0.664),('2020-01-01 15:37:00','D2',0.322),('2020-01-01 15:38:00','D2',0.389),('2020-01-01 15:39:00','D2',0.938),('2020-01-01 15:40:00','D2',0.347),('2020-01-01 15:41:00','D2',0.986),('2020-01-01 15:42:00','D2',0.688),('2020-01-01 15:43:00','D2',0.689),('2020-01-01 15:44:00','D2',0.182),('2020-01-01 15:45:00','D2',0.283),('2020-01-01 15:46:00','D2',0.433),('2020-01-01 15:47:00','D2',0.976),('2020-01-01 15:48:00','D2',0.843),('2020-01-01 15:49:00','D2',0.760),('2020-01-01 15:50:00','D2',0.206),('2020-01-01 15:51:00','D2',0.298),('2020-01-01 15:52:00','D2',0.811),('2020-01-01 15:53:00','D2',0.721),('2020-01-01 15:54:00','D2',0.382),('2020-01-01 15:55:00','D2',0.340),('2020-01-01 15:56:00','D2',0.131),('2020-01-01 15:57:00','D2',0.733),('2020-01-01 15:58:00','D2',0.246),('2020-01-01 15:59:00','D2',0.613),('2020-01-01 16:00:00','D2',0.479),('2020-01-01 16:01:00','D2',0.415),('2020-01-01 16:02:00','D2',0.455),('2020-01-01 16:03:00','D2',0.848),('2020-01-01 16:04:00','D2',0.195),('2020-01-01 16:05:00','D2',0.196),('2020-01-01 16:06:00','D2',0.097),('2020-01-01 16:07:00','D2',1.000),('2020-01-01 16:08:00','D2',0.793),('2020-01-01 16:09:00','D2',0.812),('2020-01-01 16:10:00','D2',0.390),('2020-01-01 16:11:00','D2',0.952),('2020-01-01 16:12:00','D2',0.424),('2020-01-01 16:13:00','D2',0.910),('2020-01-01 16:14:00','D2',0.484),('2020-01-01 16:15:00','D2',0.131),('2020-01-01 16:16:00','D2',0.902),('2020-01-01 16:17:00','D2',0.054),('2020-01-01 16:18:00','D2',0.900),('2020-01-01 16:19:00','D2',0.293),('2020-01-01 16:20:00','D2',0.202),('2020-01-01 16:21:00','D2',0.820),('2020-01-01 16:22:00','D2',0.947),('2020-01-01 16:23:00','D2',0.659),('2020-01-01 16:24:00','D2',0.800),('2020-01-01 16:25:00','D2',0.399),('2020-01-01 16:26:00','D2',0.786),('2020-01-01 16:27:00','D2',0.462),('2020-01-01 16:28:00','D2',0.812),('2020-01-01 16:29:00','D2',0.356),('2020-01-01 16:30:00','D2',0.930),('2020-01-01 16:31:00','D2',0.683),('2020-01-01 16:32:00','D2',0.668),('2020-01-01 16:33:00','D2',0.720),('2020-01-01 16:34:00','D2',0.656),('2020-01-01 16:35:00','D2',0.449),('2020-01-01 16:36:00','D2',0.960),('2020-01-01 16:37:00','D2',0.612),('2020-01-01 16:38:00','D2',0.175),('2020-01-01 16:39:00','D2',0.114),('2020-01-01 16:40:00','D2',0.195),('2020-01-01 16:41:00','D2',0.001),('2020-01-01 16:42:00','D2',0.456),('2020-01-01 16:43:00','D2',0.517),('2020-01-01 16:44:00','D2',0.410),('2020-01-01 16:45:00','D2',0.955),('2020-01-01 16:46:00','D2',0.256),('2020-01-01 16:47:00','D2',0.307),('2020-01-01 16:48:00','D2',0.981),('2020-01-01 16:49:00','D2',0.015),('2020-01-01 16:50:00','D2',0.273),('2020-01-01 16:51:00','D2',0.492),('2020-01-01 16:52:00','D2',0.521),('2020-01-01 16:53:00','D2',0.871),('2020-01-01 16:54:00','D2',0.325),('2020-01-01 16:55:00','D2',0.571),('2020-01-01 16:56:00','D2',0.451),('2020-01-01 16:57:00','D2',0.597),('2020-01-01 16:58:00','D2',0.110),('2020-01-01 16:59:00','D2',0.710),('2020-01-01 17:00:00','D2',0.688),('2020-01-01 17:01:00','D2',0.089),('2020-01-01 17:02:00','D2',0.413),('2020-01-01 17:03:00','D2',0.418),('2020-01-01 17:04:00','D2',0.901),('2020-01-01 17:05:00','D2',0.199),('2020-01-01 17:06:00','D2',0.603),('2020-01-01 17:07:00','D2',0.100),('2020-01-01 17:08:00','D2',0.969),('2020-01-01 17:09:00','D2',0.299),('2020-01-01 17:10:00','D2',0.859),('2020-01-01 17:11:00','D2',0.671),('2020-01-01 17:12:00','D2',0.581),('2020-01-01 17:13:00','D2',0.647),('2020-01-01 17:14:00','D2',0.875),('2020-01-01 17:14:00','D2',0.875),('2020-01-01 17:16:00','D2',0.414),('2020-01-01 17:17:00','D2',0.991),('2020-01-01 17:18:00','D2',0.703),('2020-01-01 17:18:00','D2',0.703),('2020-01-01 17:20:00','D2',0.958),('2020-01-01 17:21:00','D2',0.278),('2020-01-01 17:22:00','D2',0.989),('2020-01-01 17:23:00','D2',0.753),('2020-01-01 17:24:00','D2',0.856),('2020-01-01 17:25:00','D2',0.243),('2020-01-01 17:26:00','D2',0.125),('2020-01-01 17:27:00','D2',0.010),('2020-01-01 17:28:00','D2',0.553),('2020-01-01 17:29:00','D2',0.878),('2020-01-01 17:30:00','D2',0.705),('2020-01-01 17:31:00','D2',0.126),('2020-01-01 17:32:00','D2',0.204),('2020-01-01 17:33:00','D2',0.488),('2020-01-01 17:34:00','D2',0.266),('2020-01-01 17:35:00','D2',0.228),('2020-01-01 17:36:00','D2',0.995),('2020-01-01 17:37:00','D2',0.111),('2020-01-01 17:38:00','D2',0.504),('2020-01-01 17:39:00','D2',0.367),('2020-01-01 17:40:00','D2',0.491),('2020-01-01 17:41:00','D2',0.572),('2020-01-01 17:42:00','D2',0.002),('2020-01-01 17:43:00','D2',0.623),('2020-01-01 17:44:00','D2',0.191),('2020-01-01 17:45:00','D2',0.339),('2020-01-01 17:46:00','D2',0.078),('2020-01-01 17:47:00','D2',0.317),('2020-01-01 17:48:00','D2',0.192),('2020-01-01 17:49:00','D2',0.645),('2020-01-01 17:50:00','D2',0.509),('2020-01-01 17:51:00','D2',0.503),('2020-01-01 17:52:00','D2',0.753),('2020-01-01 17:53:00','D2',0.042),('2020-01-01 17:54:00','D2',0.745),('2020-01-01 17:55:00','D2',0.752),('2020-01-01 17:56:00','D2',0.610),('2020-01-01 17:57:00','D2',0.699),('2020-01-01 17:58:00','D2',0.716),('2020-01-01 17:59:00','D2',0.916),('2020-01-01 18:00:00','D2',0.073),('2020-01-01 18:01:00','D2',0.229),('2020-01-01 18:02:00','D2',0.504),('2020-01-01 18:03:00','D2',0.135),('2020-01-01 18:04:00','D2',0.307),('2020-01-01 18:05:00','D2',0.791),('2020-01-01 18:06:00','D2',0.941),('2020-01-01 18:07:00','D2',0.912),('2020-01-01 18:08:00','D2',0.700),('2020-01-01 18:09:00','D2',0.547),('2020-01-01 18:10:00','D2',0.672),('2020-01-01 18:11:00','D2',0.415),('2020-01-01 18:12:00','D2',0.895),('2020-01-01 18:13:00','D2',0.255),('2020-01-01 18:14:00','D2',0.339),('2020-01-01 18:15:00','D2',0.563),('2020-01-01 18:16:00','D2',0.905),('2020-01-01 18:17:00','D2',0.990),('2020-01-01 18:18:00','D2',0.329),('2020-01-01 18:19:00','D2',0.611),('2020-01-01 18:20:00','D2',0.667),('2020-01-01 18:21:00','D2',0.458),('2020-01-01 18:22:00','D2',0.950),('2020-01-01 18:23:00','D2',0.113),('2020-01-01 18:24:00','D2',0.586),('2020-01-01 18:25:00','D2',0.401),('2020-01-01 18:26:00','D2',0.005),('2020-01-01 18:27:00','D2',0.178),('2020-01-01 18:28:00','D2',0.864),('2020-01-01 18:29:00','D2',0.898),('2020-01-01 18:30:00','D2',0.460),('2020-01-01 18:31:00','D2',0.858),('2020-01-01 18:32:00','D2',0.896),('2020-01-01 18:33:00','D2',0.176),('2020-01-01 18:34:00','D2',0.340),('2020-01-01 18:35:00','D2',0.375),('2020-01-01 18:36:00','D2',0.587),('2020-01-01 18:37:00','D2',0.695),('2020-01-01 18:38:00','D2',0.996),('2020-01-01 18:39:00','D2',0.635),('2020-01-01 18:40:00','D2',0.251),('2020-01-01 18:41:00','D2',0.867),('2020-01-01 18:42:00','D2',0.660),('2020-01-01 18:43:00','D2',0.145),('2020-01-01 18:44:00','D2',0.620),('2020-01-01 18:45:00','D2',0.772),('2020-01-01 18:46:00','D2',0.529),('2020-01-01 18:47:00','D2',0.019),('2020-01-01 18:48:00','D2',0.609),('2020-01-01 18:49:00','D2',0.586),('2020-01-01 18:50:00','D2',0.672),('2020-01-01 18:51:00','D2',0.224),('2020-01-01 18:52:00','D2',0.696),('2020-01-01 18:53:00','D2',0.289),('2020-01-01 18:54:00','D2',0.735),('2020-01-01 18:55:00','D2',0.602),('2020-01-01 18:56:00','D2',0.158),('2020-01-01 18:57:00','D2',0.404),('2020-01-01 18:58:00','D2',0.752),('2020-01-01 18:59:00','D2',0.490),('2020-01-01 19:00:00','D2',0.963),('2020-01-01 19:01:00','D2',0.112),('2020-01-01 19:02:00','D2',0.379),('2020-01-01 19:03:00','D2',0.957),('2020-01-01 19:04:00','D2',0.813),('2020-01-01 19:05:00','D2',0.165),('2020-01-01 19:06:00','D2',0.514),('2020-01-01 19:07:00','D2',0.764),('2020-01-01 19:08:00','D2',0.674),('2020-01-01 19:09:00','D2',0.381),('2020-01-01 19:09:00','D2',0.381),('2020-01-01 19:09:00','D2',0.381),('2020-01-01 19:12:00','D2',0.172),('2020-01-01 19:13:00','D2',0.387),('2020-01-01 19:14:00','D2',0.634),('2020-01-01 19:15:00','D2',0.581),('2020-01-01 19:16:00','D2',0.373),('2020-01-01 19:17:00','D2',0.485),('2020-01-01 19:18:00','D2',0.431),('2020-01-01 19:19:00','D2',0.997),('2020-01-01 19:20:00','D2',0.810),('2020-01-01 19:21:00','D2',0.182),('2020-01-01 19:22:00','D2',0.119),('2020-01-01 19:23:00','D2',0.638),('2020-01-01 19:24:00','D2',0.094),('2020-01-01 19:25:00','D2',0.966),('2020-01-01 19:26:00','D2',0.108),('2020-01-01 19:27:00','D2',0.139),('2020-01-01 19:28:00','D2',0.076),('2020-01-01 19:29:00','D2',0.363),('2020-01-01 19:30:00','D2',0.496),('2020-01-01 19:31:00','D2',0.936),('2020-01-01 19:32:00','D2',0.344),('2020-01-01 19:33:00','D2',0.189),('2020-01-01 19:34:00','D2',0.060),('2020-01-01 19:35:00','D2',0.055),('2020-01-01 19:36:00','D2',0.763),('2020-01-01 19:37:00','D2',0.174),('2020-01-01 19:38:00','D2',0.611),('2020-01-01 19:39:00','D2',0.833),('2020-01-01 19:40:00','D2',0.885),('2020-01-01 19:41:00','D2',0.799),('2020-01-01 19:42:00','D2',0.094),('2020-01-01 19:43:00','D2',0.351),('2020-01-01 19:44:00','D2',0.323),('2020-01-01 19:45:00','D2',0.308),('2020-01-01 19:46:00','D2',0.010),('2020-01-01 19:47:00','D2',0.509),('2020-01-01 19:48:00','D2',0.593),('2020-01-01 19:49:00','D2',0.285),('2020-01-01 19:50:00','D2',0.650),('2020-01-01 19:51:00','D2',0.776),('2020-01-01 19:52:00','D2',0.500),('2020-01-01 19:53:00','D2',0.152),('2020-01-01 19:54:00','D2',0.096),('2020-01-01 19:55:00','D2',0.575),('2020-01-01 19:56:00','D2',0.903),('2020-01-01 19:57:00','D2',0.190),('2020-01-01 19:58:00','D2',0.199),('2020-01-01 19:59:00','D2',0.187),('2020-01-01 20:00:00','D2',0.531),('2020-01-01 20:01:00','D2',0.416),('2020-01-01 20:02:00','D2',0.528),('2020-01-01 20:03:00','D2',0.812),('2020-01-01 20:04:00','D2',0.622),('2020-01-01 20:05:00','D2',0.776),('2020-01-01 20:06:00','D2',0.818),('2020-01-01 20:07:00','D2',0.128),('2020-01-01 20:08:00','D2',0.319),('2020-01-01 20:09:00','D2',0.593),('2020-01-01 20:10:00','D2',0.569),('2020-01-01 20:11:00','D2',0.296),('2020-01-01 20:12:00','D2',0.118),('2020-01-01 20:13:00','D2',0.191),('2020-01-01 20:14:00','D2',0.293),('2020-01-01 20:15:00','D2',0.856),('2020-01-01 20:16:00','D2',0.208),('2020-01-01 20:17:00','D2',0.904),('2020-01-01 20:18:00','D2',0.330),('2020-01-01 20:19:00','D2',0.364),('2020-01-01 20:20:00','D2',0.156),('2020-01-01 20:21:00','D2',0.436),('2020-01-01 20:22:00','D2',0.316),('2020-01-01 20:23:00','D2',0.951),('2020-01-01 20:24:00','D2',0.268),('2020-01-01 20:25:00','D2',0.682),('2020-01-01 20:26:00','D2',0.130),('2020-01-01 20:27:00','D2',0.197),('2020-01-01 20:28:00','D2',0.913),('2020-01-01 20:29:00','D2',0.687),('2020-01-01 20:30:00','D2',0.616),('2020-01-01 20:31:00','D2',0.854),('2020-01-01 20:32:00','D2',0.224),('2020-01-01 20:33:00','D2',0.334),('2020-01-01 20:34:00','D2',0.423),('2020-01-01 20:34:00','D2',0.423),('2020-01-01 20:34:00','D2',0.423),('2020-01-01 20:37:00','D2',0.776),('2020-01-01 20:38:00','D2',0.108),('2020-01-01 20:39:00','D2',0.964),('2020-01-01 20:40:00','D2',0.428),('2020-01-01 20:41:00','D2',0.342),('2020-01-01 20:42:00','D2',0.994),('2020-01-01 20:43:00','D2',0.878),('2020-01-01 20:44:00','D2',0.997),('2020-01-01 20:45:00','D2',0.870),('2020-01-01 20:46:00','D2',0.381),('2020-01-01 20:47:00','D2',0.138),('2020-01-01 20:48:00','D2',0.519),('2020-01-01 20:49:00','D2',0.957),('2020-01-01 20:50:00','D2',0.392),('2020-01-01 20:51:00','D2',0.367),('2020-01-01 20:52:00','D2',0.334),('2020-01-01 20:53:00','D2',0.661),('2020-01-01 20:54:00','D2',0.123),('2020-01-01 20:55:00','D2',0.729),('2020-01-01 20:56:00','D2',0.668),('2020-01-01 20:57:00','D2',0.520),('2020-01-01 20:58:00','D2',0.799),('2020-01-01 20:59:00','D2',0.560),('2020-01-01 21:00:00','D2',0.432),('2020-01-01 21:01:00','D2',0.615),('2020-01-01 21:02:00','D2',0.301),('2020-01-01 21:03:00','D2',0.504),('2020-01-01 21:04:00','D2',0.544),('2020-01-01 21:05:00','D2',0.579),('2020-01-01 21:06:00','D2',0.797),('2020-01-01 21:07:00','D2',0.610),('2020-01-01 21:08:00','D2',0.473),('2020-01-01 21:09:00','D2',0.069),('2020-01-01 21:10:00','D2',0.185),('2020-01-01 21:11:00','D2',0.073),('2020-01-01 21:12:00','D2',0.403),('2020-01-01 21:13:00','D2',0.246),('2020-01-01 21:14:00','D2',0.729),('2020-01-01 21:15:00','D2',0.387),('2020-01-01 21:16:00','D2',0.270),('2020-01-01 21:17:00','D2',0.249),('2020-01-01 21:18:00','D2',0.547),('2020-01-01 21:19:00','D2',0.679),('2020-01-01 21:20:00','D2',0.946),('2020-01-01 21:21:00','D2',0.440),('2020-01-01 21:22:00','D2',0.630),('2020-01-01 21:23:00','D2',0.913),('2020-01-01 21:24:00','D2',0.006),('2020-01-01 21:25:00','D2',0.490),('2020-01-01 21:26:00','D2',0.617),('2020-01-01 21:27:00','D2',0.469),('2020-01-01 21:28:00','D2',0.830),('2020-01-01 21:29:00','D2',0.970),('2020-01-01 21:30:00','D2',0.918),('2020-01-01 21:31:00','D2',0.309),('2020-01-01 21:32:00','D2',0.308),('2020-01-01 21:33:00','D2',0.214),('2020-01-01 21:34:00','D2',0.625),('2020-01-01 21:35:00','D2',0.611),('2020-01-01 21:36:00','D2',0.991),('2020-01-01 21:37:00','D2',0.619),('2020-01-01 21:38:00','D2',0.311),('2020-01-01 21:39:00','D2',0.232),('2020-01-01 21:40:00','D2',0.413),('2020-01-01 21:41:00','D2',0.478),('2020-01-01 21:42:00','D2',0.019),('2020-01-01 21:43:00','D2',0.864),('2020-01-01 21:44:00','D2',0.159),('2020-01-01 21:45:00','D2',0.654),('2020-01-01 21:46:00','D2',0.672),('2020-01-01 21:47:00','D2',0.045),('2020-01-01 21:48:00','D2',0.451),('2020-01-01 21:49:00','D2',0.122),('2020-01-01 21:50:00','D2',0.680),('2020-01-01 21:51:00','D2',0.472),('2020-01-01 21:52:00','D2',0.223),('2020-01-01 21:53:00','D2',0.453),('2020-01-01 21:54:00','D2',0.745),('2020-01-01 21:55:00','D2',0.211),('2020-01-01 21:56:00','D2',0.108),('2020-01-01 21:57:00','D2',0.841),('2020-01-01 21:58:00','D2',0.728),('2020-01-01 21:59:00','D2',0.481),('2020-01-01 22:00:00','D2',0.327),('2020-01-01 22:01:00','D2',0.145),('2020-01-01 22:02:00','D2',0.982),('2020-01-01 22:03:00','D2',0.633),('2020-01-01 22:04:00','D2',0.196),('2020-01-01 22:05:00','D2',0.711),('2020-01-01 22:06:00','D2',0.734),('2020-01-01 22:07:00','D2',0.866),('2020-01-01 22:08:00','D2',0.859),('2020-01-01 22:09:00','D2',0.481),('2020-01-01 22:10:00','D2',0.925),('2020-01-01 22:11:00','D2',0.960),('2020-01-01 22:12:00','D2',0.902),('2020-01-01 22:13:00','D2',0.981),('2020-01-01 22:14:00','D2',0.448),('2020-01-01 22:15:00','D2',0.058),('2020-01-01 22:16:00','D2',0.704),('2020-01-01 22:17:00','D2',0.313),('2020-01-01 22:18:00','D2',0.842),('2020-01-01 22:19:00','D2',0.058),('2020-01-01 22:20:00','D2',0.719),('2020-01-01 22:21:00','D2',0.188),('2020-01-01 22:22:00','D2',0.338),('2020-01-01 22:23:00','D2',0.746),('2020-01-01 22:24:00','D2',0.431),('2020-01-01 22:25:00','D2',0.404),('2020-01-01 22:26:00','D2',0.585),('2020-01-01 22:27:00','D2',0.166),('2020-01-01 22:28:00','D2',0.349),('2020-01-01 22:29:00','D2',0.871),('2020-01-01 22:30:00','D2',0.558),('2020-01-01 22:31:00','D2',0.065),('2020-01-01 22:32:00','D2',0.286),('2020-01-01 22:33:00','D2',0.457),('2020-01-01 22:34:00','D2',0.864),('2020-01-01 22:35:00','D2',0.462),('2020-01-01 22:36:00','D2',0.084),('2020-01-01 22:37:00','D2',0.472),('2020-01-01 22:38:00','D2',0.155),('2020-01-01 22:39:00','D2',0.534),('2020-01-01 22:40:00','D2',0.156),('2020-01-01 22:41:00','D2',0.565),('2020-01-01 22:42:00','D2',0.407),('2020-01-01 22:43:00','D2',0.026),('2020-01-01 22:44:00','D2',0.440),('2020-01-01 22:45:00','D2',0.183),('2020-01-01 22:46:00','D2',0.597),('2020-01-01 22:47:00','D2',0.359),('2020-01-01 22:48:00','D2',0.876),('2020-01-01 22:49:00','D2',0.488),('2020-01-01 22:50:00','D2',0.698),('2020-01-01 22:51:00','D2',0.441),('2020-01-01 22:52:00','D2',0.061),('2020-01-01 22:53:00','D2',0.830),('2020-01-01 22:54:00','D2',0.973),('2020-01-01 22:55:00','D2',0.953),('2020-01-01 22:56:00','D2',0.551),('2020-01-01 22:57:00','D2',0.450),('2020-01-01 22:58:00','D2',0.274),('2020-01-01 22:59:00','D2',0.524),('2020-01-01 23:00:00','D2',0.168),('2020-01-01 23:01:00','D2',0.059),('2020-01-01 23:02:00','D2',0.420),('2020-01-01 23:03:00','D2',0.809),('2020-01-01 23:04:00','D2',0.755),('2020-01-01 23:05:00','D2',0.369),('2020-01-01 23:06:00','D2',0.751),('2020-01-01 23:07:00','D2',0.918),('2020-01-01 23:08:00','D2',0.059),('2020-01-01 23:09:00','D2',0.406),('2020-01-01 23:10:00','D2',0.636),('2020-01-01 23:11:00','D2',0.061),('2020-01-01 23:12:00','D2',0.785),('2020-01-01 23:13:00','D2',0.704),('2020-01-01 23:14:00','D2',0.081),('2020-01-01 23:15:00','D2',0.535),('2020-01-01 23:16:00','D2',0.453),('2020-01-01 23:17:00','D2',0.026),('2020-01-01 23:18:00','D2',0.537),('2020-01-01 23:19:00','D2',0.373),('2020-01-01 23:20:00','D2',0.337),('2020-01-01 23:21:00','D2',0.337),('2020-01-01 23:22:00','D2',0.705),('2020-01-01 23:23:00','D2',0.098),('2020-01-01 23:24:00','D2',0.669),('2020-01-01 23:25:00','D2',0.147),('2020-01-01 23:26:00','D2',0.407),('2020-01-01 23:27:00','D2',0.997),('2020-01-01 23:28:00','D2',0.266),('2020-01-01 23:29:00','D2',0.175),('2020-01-01 23:30:00','D2',0.589),('2020-01-01 23:31:00','D2',0.256),('2020-01-01 23:32:00','D2',0.935),('2020-01-01 23:33:00','D2',0.552),('2020-01-01 23:34:00','D2',0.119),('2020-01-01 23:35:00','D2',0.131),('2020-01-01 23:36:00','D2',0.317),('2020-01-01 23:37:00','D2',0.388),('2020-01-01 23:38:00','D2',0.338),('2020-01-01 23:39:00','D2',0.014),('2020-01-01 23:40:00','D2',0.328),('2020-01-01 23:41:00','D2',0.620),('2020-01-01 23:42:00','D2',0.252),('2020-01-01 23:43:00','D2',0.928),('2020-01-01 23:44:00','D2',0.971),('2020-01-01 23:45:00','D2',0.469),('2020-01-01 23:46:00','D2',0.838),('2020-01-01 23:47:00','D2',0.480),('2020-01-01 23:48:00','D2',0.125),('2020-01-01 23:49:00','D2',0.755),('2020-01-01 23:50:00','D2',0.192),('2020-01-01 23:51:00','D2',0.777),('2020-01-01 23:52:00','D2',0.806),('2020-01-01 23:53:00','D2',0.532),('2020-01-01 23:54:00','D2',0.149),('2020-01-01 23:55:00','D2',0.142),('2020-01-01 23:56:00','D2',0.584),('2020-01-01 23:57:00','D2',0.228),('2020-01-01 23:58:00','D2',0.554),('2020-01-01 23:59:00','D2',0.713),('2020-01-01 00:00:00','D3',0.663),('2020-01-01 00:01:00','D3',0.930),('2020-01-01 00:02:00','D3',0.532),('2020-01-01 00:03:00','D3',0.703),('2020-01-01 00:04:00','D3',0.322),('2020-01-01 00:05:00','D3',0.792),('2020-01-01 00:06:00','D3',0.958),('2020-01-01 00:07:00','D3',0.935),('2020-01-01 00:08:00','D3',0.108),('2020-01-01 00:09:00','D3',0.521),('2020-01-01 00:10:00','D3',0.270),('2020-01-01 00:11:00','D3',0.101),('2020-01-01 00:12:00','D3',0.907),('2020-01-01 00:13:00','D3',0.889),('2020-01-01 00:14:00','D3',0.555),('2020-01-01 00:15:00','D3',0.893),('2020-01-01 00:16:00','D3',0.884),('2020-01-01 00:17:00','D3',0.107),('2020-01-01 00:18:00','D3',0.976),('2020-01-01 00:19:00','D3',0.781),('2020-01-01 00:20:00','D3',0.179),('2020-01-01 00:21:00','D3',0.687),('2020-01-01 00:22:00','D3',0.785),('2020-01-01 00:23:00','D3',0.861),('2020-01-01 00:24:00','D3',0.127),('2020-01-01 00:25:00','D3',0.335),('2020-01-01 00:26:00','D3',0.236),('2020-01-01 00:27:00','D3',0.217),('2020-01-01 00:28:00','D3',0.688),('2020-01-01 00:29:00','D3',0.331),('2020-01-01 00:30:00','D3',0.118),('2020-01-01 00:31:00','D3',0.675),('2020-01-01 00:32:00','D3',0.012),('2020-01-01 00:33:00','D3',0.920),('2020-01-01 00:34:00','D3',0.841),('2020-01-01 00:35:00','D3',0.990),('2020-01-01 00:36:00','D3',0.486),('2020-01-01 00:37:00','D3',0.740),('2020-01-01 00:38:00','D3',0.882),('2020-01-01 00:39:00','D3',0.558),('2020-01-01 00:40:00','D3',0.198),('2020-01-01 00:41:00','D3',0.189),('2020-01-01 00:42:00','D3',0.925),('2020-01-01 00:43:00','D3',0.745),('2020-01-01 00:44:00','D3',0.474),('2020-01-01 00:45:00','D3',0.966),('2020-01-01 00:46:00','D3',0.224),('2020-01-01 00:47:00','D3',0.781),('2020-01-01 00:48:00','D3',0.024),('2020-01-01 00:49:00','D3',0.697),('2020-01-01 00:50:00','D3',0.530),('2020-01-01 00:51:00','D3',0.964),('2020-01-01 00:52:00','D3',0.304),('2020-01-01 00:53:00','D3',0.687),('2020-01-01 00:54:00','D3',0.460),('2020-01-01 00:55:00','D3',0.615),('2020-01-01 00:56:00','D3',0.864),('2020-01-01 00:57:00','D3',0.363),('2020-01-01 00:58:00','D3',0.307),('2020-01-01 00:59:00','D3',0.808),('2020-01-01 01:00:00','D3',0.843),('2020-01-01 01:01:00','D3',0.890),('2020-01-01 01:02:00','D3',0.113),('2020-01-01 01:03:00','D3',0.429),('2020-01-01 01:04:00','D3',0.270),('2020-01-01 01:05:00','D3',0.780),('2020-01-01 01:06:00','D3',0.301),('2020-01-01 01:07:00','D3',0.500),('2020-01-01 01:08:00','D3',0.478),('2020-01-01 01:09:00','D3',0.049),('2020-01-01 01:10:00','D3',0.254),('2020-01-01 01:11:00','D3',0.047),('2020-01-01 01:12:00','D3',0.818),('2020-01-01 01:13:00','D3',0.638),('2020-01-01 01:14:00','D3',0.049),('2020-01-01 01:15:00','D3',0.998),('2020-01-01 01:16:00','D3',0.774),('2020-01-01 01:17:00','D3',0.338),('2020-01-01 01:18:00','D3',0.954),('2020-01-01 01:19:00','D3',0.731),('2020-01-01 01:20:00','D3',0.778),('2020-01-01 01:21:00','D3',0.439),('2020-01-01 01:22:00','D3',0.409),('2020-01-01 01:23:00','D3',0.940),('2020-01-01 01:24:00','D3',0.269),('2020-01-01 01:25:00','D3',0.692),('2020-01-01 01:26:00','D3',0.941),('2020-01-01 01:27:00','D3',0.402),('2020-01-01 01:28:00','D3',0.026),('2020-01-01 01:29:00','D3',0.910),('2020-01-01 01:30:00','D3',0.877),('2020-01-01 01:31:00','D3',0.108),('2020-01-01 01:32:00','D3',0.399),('2020-01-01 01:33:00','D3',0.757),('2020-01-01 01:34:00','D3',0.791),('2020-01-01 01:35:00','D3',0.958),('2020-01-01 01:36:00','D3',0.814),('2020-01-01 01:37:00','D3',0.815),('2020-01-01 01:38:00','D3',0.300),('2020-01-01 01:39:00','D3',0.882),('2020-01-01 01:40:00','D3',0.858),('2020-01-01 01:41:00','D3',0.037),('2020-01-01 01:42:00','D3',0.237),('2020-01-01 01:43:00','D3',0.815),('2020-01-01 01:44:00','D3',0.332),('2020-01-01 01:45:00','D3',0.075),('2020-01-01 01:46:00','D3',0.230),('2020-01-01 01:47:00','D3',0.447),('2020-01-01 01:48:00','D3',0.875),('2020-01-01 01:49:00','D3',0.780),('2020-01-01 01:50:00','D3',0.418),('2020-01-01 01:51:00','D3',0.013),('2020-01-01 01:52:00','D3',0.162),('2020-01-01 01:53:00','D3',0.374),('2020-01-01 01:54:00','D3',0.355),('2020-01-01 01:55:00','D3',0.717),('2020-01-01 01:56:00','D3',0.211),('2020-01-01 01:57:00','D3',0.415),('2020-01-01 01:58:00','D3',0.172),('2020-01-01 01:59:00','D3',0.526),('2020-01-01 02:00:00','D3',0.055),('2020-01-01 02:01:00','D3',0.685),('2020-01-01 02:02:00','D3',0.717),('2020-01-01 02:03:00','D3',0.231),('2020-01-01 02:04:00','D3',0.868),('2020-01-01 02:05:00','D3',0.581),('2020-01-01 02:06:00','D3',0.675),('2020-01-01 02:07:00','D3',0.613),('2020-01-01 02:08:00','D3',0.655),('2020-01-01 02:09:00','D3',0.382),('2020-01-01 02:10:00','D3',0.685),('2020-01-01 02:11:00','D3',0.504),('2020-01-01 02:12:00','D3',0.802),('2020-01-01 02:13:00','D3',0.057),('2020-01-01 02:14:00','D3',0.039),('2020-01-01 02:15:00','D3',0.349),('2020-01-01 02:16:00','D3',0.071),('2020-01-01 02:17:00','D3',0.869),('2020-01-01 02:18:00','D3',0.874),('2020-01-01 02:19:00','D3',0.565),('2020-01-01 02:20:00','D3',0.145),('2020-01-01 02:21:00','D3',0.135),('2020-01-01 02:22:00','D3',0.672),('2020-01-01 02:23:00','D3',0.675),('2020-01-01 02:24:00','D3',0.441),('2020-01-01 02:25:00','D3',0.903),('2020-01-01 02:26:00','D3',0.478),('2020-01-01 02:27:00','D3',0.680),('2020-01-01 02:28:00','D3',0.708),('2020-01-01 02:29:00','D3',0.243),('2020-01-01 02:30:00','D3',0.512),('2020-01-01 02:31:00','D3',0.603),('2020-01-01 02:32:00','D3',0.885),('2020-01-01 02:33:00','D3',0.030),('2020-01-01 02:34:00','D3',0.724),('2020-01-01 02:35:00','D3',0.496),('2020-01-01 02:36:00','D3',0.790),('2020-01-01 02:37:00','D3',0.869),('2020-01-01 02:38:00','D3',0.437),('2020-01-01 02:39:00','D3',0.416),('2020-01-01 02:40:00','D3',0.484),('2020-01-01 02:41:00','D3',0.816),('2020-01-01 02:42:00','D3',0.395),('2020-01-01 02:43:00','D3',0.089),('2020-01-01 02:44:00','D3',0.559),('2020-01-01 02:45:00','D3',0.083),('2020-01-01 02:46:00','D3',0.455),('2020-01-01 02:47:00','D3',0.000),('2020-01-01 02:48:00','D3',0.192),('2020-01-01 02:49:00','D3',0.801),('2020-01-01 02:50:00','D3',0.639),('2020-01-01 02:51:00','D3',0.660),('2020-01-01 02:52:00','D3',0.522),('2020-01-01 02:53:00','D3',0.209),('2020-01-01 02:54:00','D3',0.495),('2020-01-01 02:55:00','D3',0.651),('2020-01-01 02:56:00','D3',0.809),('2020-01-01 02:57:00','D3',0.345),('2020-01-01 02:58:00','D3',0.516),('2020-01-01 02:59:00','D3',0.860),('2020-01-01 03:00:00','D3',0.858),('2020-01-01 03:01:00','D3',0.450),('2020-01-01 03:02:00','D3',0.889),('2020-01-01 03:03:00','D3',0.984),('2020-01-01 03:04:00','D3',0.426),('2020-01-01 03:05:00','D3',0.787),('2020-01-01 03:06:00','D3',0.993),('2020-01-01 03:07:00','D3',0.999),('2020-01-01 03:08:00','D3',0.633),('2020-01-01 03:09:00','D3',0.517),('2020-01-01 03:10:00','D3',0.866),('2020-01-01 03:11:00','D3',0.801),('2020-01-01 03:12:00','D3',0.978),('2020-01-01 03:13:00','D3',0.619),('2020-01-01 03:14:00','D3',0.340),('2020-01-01 03:15:00','D3',0.602),('2020-01-01 03:16:00','D3',0.161),('2020-01-01 03:17:00','D3',0.556),('2020-01-01 03:18:00','D3',0.651),('2020-01-01 03:19:00','D3',0.032),('2020-01-01 03:20:00','D3',0.795),('2020-01-01 03:21:00','D3',0.559),('2020-01-01 03:22:00','D3',0.133),('2020-01-01 03:23:00','D3',0.073),('2020-01-01 03:24:00','D3',0.037),('2020-01-01 03:25:00','D3',0.931),('2020-01-01 03:26:00','D3',0.995),('2020-01-01 03:27:00','D3',0.114),('2020-01-01 03:28:00','D3',0.312),('2020-01-01 03:29:00','D3',0.743),('2020-01-01 03:30:00','D3',0.333),('2020-01-01 03:31:00','D3',0.442),('2020-01-01 03:32:00','D3',0.616),('2020-01-01 03:33:00','D3',0.666),('2020-01-01 03:34:00','D3',0.216),('2020-01-01 03:35:00','D3',0.417),('2020-01-01 03:36:00','D3',0.309),('2020-01-01 03:37:00','D3',0.427),('2020-01-01 03:38:00','D3',0.131),('2020-01-01 03:39:00','D3',0.441),('2020-01-01 03:40:00','D3',0.934),('2020-01-01 03:41:00','D3',0.587),('2020-01-01 03:42:00','D3',0.099),('2020-01-01 03:43:00','D3',0.586),('2020-01-01 03:44:00','D3',0.348),('2020-01-01 03:45:00','D3',0.894),('2020-01-01 03:46:00','D3',0.528),('2020-01-01 03:47:00','D3',0.389),('2020-01-01 03:48:00','D3',0.377),('2020-01-01 03:49:00','D3',0.471),('2020-01-01 03:50:00','D3',0.203),('2020-01-01 03:51:00','D3',0.912),('2020-01-01 03:52:00','D3',0.288),('2020-01-01 03:53:00','D3',0.485),('2020-01-01 03:54:00','D3',0.854),('2020-01-01 03:55:00','D3',0.633),('2020-01-01 03:56:00','D3',0.583),('2020-01-01 03:57:00','D3',0.752),('2020-01-01 03:58:00','D3',0.452),('2020-01-01 03:59:00','D3',0.089),('2020-01-01 04:00:00','D3',0.029),('2020-01-01 04:01:00','D3',0.931),('2020-01-01 04:02:00','D3',0.677),('2020-01-01 04:03:00','D3',0.529),('2020-01-01 04:04:00','D3',0.370),('2020-01-01 04:05:00','D3',0.588),('2020-01-01 04:06:00','D3',0.050),('2020-01-01 04:07:00','D3',0.973),('2020-01-01 04:08:00','D3',0.871),('2020-01-01 04:09:00','D3',0.415),('2020-01-01 04:10:00','D3',0.824),('2020-01-01 04:11:00','D3',0.201),('2020-01-01 04:12:00','D3',0.696),('2020-01-01 04:13:00','D3',0.334),('2020-01-01 04:14:00','D3',0.085),('2020-01-01 04:15:00','D3',0.212),('2020-01-01 04:16:00','D3',0.144),('2020-01-01 04:17:00','D3',0.030),('2020-01-01 04:18:00','D3',0.450),('2020-01-01 04:19:00','D3',0.562),('2020-01-01 04:20:00','D3',0.927),('2020-01-01 04:21:00','D3',0.720),('2020-01-01 04:22:00','D3',0.376),('2020-01-01 04:23:00','D3',0.856),('2020-01-01 04:24:00','D3',0.999),('2020-01-01 04:25:00','D3',0.573),('2020-01-01 04:26:00','D3',0.384),('2020-01-01 04:27:00','D3',0.352),('2020-01-01 04:28:00','D3',0.935),('2020-01-01 04:29:00','D3',0.300),('2020-01-01 04:30:00','D3',0.420),('2020-01-01 04:31:00','D3',0.303),('2020-01-01 04:32:00','D3',0.495),('2020-01-01 04:33:00','D3',0.837),('2020-01-01 04:34:00','D3',0.188),('2020-01-01 04:35:00','D3',0.155),('2020-01-01 04:36:00','D3',0.783),('2020-01-01 04:37:00','D3',0.950),('2020-01-01 04:38:00','D3',0.504),('2020-01-01 04:39:00','D3',0.210),('2020-01-01 04:40:00','D3',0.397),('2020-01-01 04:41:00','D3',0.836),('2020-01-01 04:42:00','D3',0.659),('2020-01-01 04:43:00','D3',0.663),('2020-01-01 04:44:00','D3',0.034),('2020-01-01 04:45:00','D3',0.484),('2020-01-01 04:46:00','D3',0.320),('2020-01-01 04:47:00','D3',0.220),('2020-01-01 04:48:00','D3',0.307),('2020-01-01 04:49:00','D3',0.636),('2020-01-01 04:50:00','D3',0.706),('2020-01-01 04:51:00','D3',0.643),('2020-01-01 04:52:00','D3',0.936),('2020-01-01 04:53:00','D3',0.683),('2020-01-01 04:54:00','D3',0.669),('2020-01-01 04:55:00','D3',0.619),('2020-01-01 04:56:00','D3',0.041),('2020-01-01 04:57:00','D3',0.718),('2020-01-01 04:58:00','D3',0.828),('2020-01-01 04:59:00','D3',0.378),('2020-01-01 05:00:00','D3',0.022),('2020-01-01 05:01:00','D3',0.284),('2020-01-01 05:02:00','D3',0.076),('2020-01-01 05:03:00','D3',0.293),('2020-01-01 05:04:00','D3',0.379),('2020-01-01 05:05:00','D3',0.045),('2020-01-01 05:06:00','D3',0.646),('2020-01-01 05:07:00','D3',0.547),('2020-01-01 05:08:00','D3',0.870),('2020-01-01 05:09:00','D3',0.736),('2020-01-01 05:10:00','D3',0.405),('2020-01-01 05:11:00','D3',0.597),('2020-01-01 05:12:00','D3',0.608),('2020-01-01 05:13:00','D3',0.265),('2020-01-01 05:14:00','D3',0.186),('2020-01-01 05:15:00','D3',0.789),('2020-01-01 05:16:00','D3',0.070),('2020-01-01 05:17:00','D3',0.765),('2020-01-01 05:18:00','D3',0.811),('2020-01-01 05:19:00','D3',0.986),('2020-01-01 05:20:00','D3',0.468),('2020-01-01 05:21:00','D3',0.724),('2020-01-01 05:22:00','D3',0.885),('2020-01-01 05:23:00','D3',0.443),('2020-01-01 05:24:00','D3',0.642),('2020-01-01 05:25:00','D3',0.066),('2020-01-01 05:26:00','D3',0.596),('2020-01-01 05:27:00','D3',0.546),('2020-01-01 05:28:00','D3',0.427),('2020-01-01 05:29:00','D3',0.208),('2020-01-01 05:30:00','D3',0.513),('2020-01-01 05:31:00','D3',0.196),('2020-01-01 05:32:00','D3',0.445),('2020-01-01 05:33:00','D3',0.646),('2020-01-01 05:34:00','D3',0.815),('2020-01-01 05:35:00','D3',0.767),('2020-01-01 05:36:00','D3',0.412),('2020-01-01 05:37:00','D3',0.605),('2020-01-01 05:38:00','D3',0.483),('2020-01-01 05:39:00','D3',0.638),('2020-01-01 05:40:00','D3',0.332),('2020-01-01 05:41:00','D3',0.648),('2020-01-01 05:42:00','D3',0.712),('2020-01-01 05:43:00','D3',0.175),('2020-01-01 05:44:00','D3',0.401),('2020-01-01 05:45:00','D3',0.893),('2020-01-01 05:46:00','D3',0.240),('2020-01-01 05:47:00','D3',0.948),('2020-01-01 05:48:00','D3',0.079),('2020-01-01 05:49:00','D3',0.685),('2020-01-01 05:50:00','D3',0.304),('2020-01-01 05:51:00','D3',0.697),('2020-01-01 05:52:00','D3',0.499),('2020-01-01 05:53:00','D3',0.146),('2020-01-01 05:54:00','D3',0.696),('2020-01-01 05:55:00','D3',0.206),('2020-01-01 05:56:00','D3',0.355),('2020-01-01 05:57:00','D3',0.995),('2020-01-01 05:58:00','D3',0.721),('2020-01-01 05:59:00','D3',0.861),('2020-01-01 06:00:00','D3',0.434),('2020-01-01 06:01:00','D3',0.476),('2020-01-01 06:02:00','D3',0.921),('2020-01-01 06:03:00','D3',0.075),('2020-01-01 06:04:00','D3',0.250),('2020-01-01 06:05:00','D3',0.964),('2020-01-01 06:06:00','D3',0.103),('2020-01-01 06:07:00','D3',0.204),('2020-01-01 06:08:00','D3',0.562),('2020-01-01 06:09:00','D3',0.093),('2020-01-01 06:10:00','D3',0.531),('2020-01-01 06:11:00','D3',0.831),('2020-01-01 06:12:00','D3',0.139),('2020-01-01 06:13:00','D3',0.822),('2020-01-01 06:14:00','D3',0.170),('2020-01-01 06:15:00','D3',0.485),('2020-01-01 06:16:00','D3',0.835),('2020-01-01 06:17:00','D3',0.894),('2020-01-01 06:18:00','D3',0.502),('2020-01-01 06:19:00','D3',0.987),('2020-01-01 06:20:00','D3',0.883),('2020-01-01 06:21:00','D3',0.558),('2020-01-01 06:22:00','D3',0.758),('2020-01-01 06:23:00','D3',0.588),('2020-01-01 06:24:00','D3',0.321),('2020-01-01 06:25:00','D3',0.277),('2020-01-01 06:26:00','D3',0.350),('2020-01-01 06:27:00','D3',0.997),('2020-01-01 06:28:00','D3',0.664),('2020-01-01 06:29:00','D3',0.356),('2020-01-01 06:30:00','D3',0.948),('2020-01-01 06:31:00','D3',0.211),('2020-01-01 06:32:00','D3',0.217),('2020-01-01 06:33:00','D3',0.095),('2020-01-01 06:34:00','D3',0.891),('2020-01-01 06:35:00','D3',0.771),('2020-01-01 06:36:00','D3',0.950),('2020-01-01 06:37:00','D3',0.108),('2020-01-01 06:38:00','D3',0.573),('2020-01-01 06:39:00','D3',0.713),('2020-01-01 06:40:00','D3',0.462),('2020-01-01 06:41:00','D3',0.918),('2020-01-01 06:42:00','D3',0.034),('2020-01-01 06:43:00','D3',0.007),('2020-01-01 06:44:00','D3',0.365),('2020-01-01 06:45:00','D3',0.791),('2020-01-01 06:46:00','D3',0.224),('2020-01-01 06:47:00','D3',0.730),('2020-01-01 06:48:00','D3',0.377),('2020-01-01 06:49:00','D3',0.049),('2020-01-01 06:50:00','D3',0.326),('2020-01-01 06:51:00','D3',0.558),('2020-01-01 06:52:00','D3',0.499),('2020-01-01 06:53:00','D3',0.782),('2020-01-01 06:54:00','D3',0.068),('2020-01-01 06:55:00','D3',0.421),('2020-01-01 06:56:00','D3',0.949),('2020-01-01 06:57:00','D3',0.952),('2020-01-01 06:58:00','D3',0.186),('2020-01-01 06:59:00','D3',0.334),('2020-01-01 07:00:00','D3',0.899),('2020-01-01 07:01:00','D3',0.385),('2020-01-01 07:02:00','D3',0.056),('2020-01-01 07:03:00','D3',0.461),('2020-01-01 07:04:00','D3',0.673),('2020-01-01 07:05:00','D3',0.023),('2020-01-01 07:06:00','D3',0.053),('2020-01-01 07:07:00','D3',0.477),('2020-01-01 07:08:00','D3',0.788),('2020-01-01 07:09:00','D3',0.138),('2020-01-01 07:10:00','D3',0.372),('2020-01-01 07:11:00','D3',0.142),('2020-01-01 07:12:00','D3',0.085),('2020-01-01 07:13:00','D3',0.884),('2020-01-01 07:14:00','D3',0.897),('2020-01-01 07:15:00','D3',0.796),('2020-01-01 07:16:00','D3',0.271),('2020-01-01 07:17:00','D3',0.703),('2020-01-01 07:18:00','D3',0.182),('2020-01-01 07:19:00','D3',0.199),('2020-01-01 07:20:00','D3',0.384),('2020-01-01 07:21:00','D3',0.622),('2020-01-01 07:22:00','D3',0.796),('2020-01-01 07:23:00','D3',0.693),('2020-01-01 07:24:00','D3',0.033),('2020-01-01 07:25:00','D3',0.372),('2020-01-01 07:26:00','D3',0.035),('2020-01-01 07:27:00','D3',0.217),('2020-01-01 07:28:00','D3',0.797),('2020-01-01 07:29:00','D3',0.648),('2020-01-01 07:30:00','D3',0.551),('2020-01-01 07:31:00','D3',0.081),('2020-01-01 07:32:00','D3',0.832),('2020-01-01 07:33:00','D3',0.508),('2020-01-01 07:34:00','D3',0.484),('2020-01-01 07:35:00','D3',0.738),('2020-01-01 07:36:00','D3',0.557),('2020-01-01 07:37:00','D3',0.105),('2020-01-01 07:38:00','D3',0.528),('2020-01-01 07:39:00','D3',0.022),('2020-01-01 07:40:00','D3',0.268),('2020-01-01 07:41:00','D3',0.466),('2020-01-01 07:42:00','D3',0.766),('2020-01-01 07:43:00','D3',0.429),('2020-01-01 07:44:00','D3',0.673),('2020-01-01 07:45:00','D3',0.999),('2020-01-01 07:46:00','D3',0.193),('2020-01-01 07:47:00','D3',0.082),('2020-01-01 07:48:00','D3',0.632),('2020-01-01 07:49:00','D3',0.788),('2020-01-01 07:50:00','D3',0.624),('2020-01-01 07:51:00','D3',0.931),('2020-01-01 07:52:00','D3',0.848),('2020-01-01 07:53:00','D3',0.473),('2020-01-01 07:54:00','D3',0.051),('2020-01-01 07:55:00','D3',0.630),('2020-01-01 07:56:00','D3',0.825),('2020-01-01 07:57:00','D3',0.732),('2020-01-01 07:58:00','D3',0.598),('2020-01-01 07:59:00','D3',0.236),('2020-01-01 08:00:00','D3',0.228),('2020-01-01 08:01:00','D3',0.917),('2020-01-01 08:02:00','D3',0.935),('2020-01-01 08:03:00','D3',0.583),('2020-01-01 08:04:00','D3',0.641),('2020-01-01 08:05:00','D3',0.435),('2020-01-01 08:06:00','D3',0.366),('2020-01-01 08:07:00','D3',0.725),('2020-01-01 08:08:00','D3',0.844),('2020-01-01 08:09:00','D3',0.817),('2020-01-01 08:10:00','D3',0.865),('2020-01-01 08:11:00','D3',0.320),('2020-01-01 08:12:00','D3',0.918),('2020-01-01 08:13:00','D3',0.249),('2020-01-01 08:14:00','D3',0.981),('2020-01-01 08:15:00','D3',0.215),('2020-01-01 08:16:00','D3',0.913),('2020-01-01 08:17:00','D3',0.534),('2020-01-01 08:18:00','D3',0.921),('2020-01-01 08:19:00','D3',0.768),('2020-01-01 08:20:00','D3',0.329),('2020-01-01 08:21:00','D3',0.069),('2020-01-01 08:22:00','D3',0.062),('2020-01-01 08:23:00','D3',0.639),('2020-01-01 08:24:00','D3',0.380),('2020-01-01 08:25:00','D3',0.441),('2020-01-01 08:26:00','D3',0.848),('2020-01-01 08:27:00','D3',0.888),('2020-01-01 08:28:00','D3',0.846),('2020-01-01 08:29:00','D3',0.689),('2020-01-01 08:30:00','D3',0.298),('2020-01-01 08:31:00','D3',0.211),('2020-01-01 08:32:00','D3',0.358),('2020-01-01 08:33:00','D3',0.077),('2020-01-01 08:34:00','D3',0.343),('2020-01-01 08:35:00','D3',0.057),('2020-01-01 08:36:00','D3',0.116),('2020-01-01 08:37:00','D3',0.498),('2020-01-01 08:38:00','D3',0.821),('2020-01-01 08:39:00','D3',0.206),('2020-01-01 08:40:00','D3',0.343),('2020-01-01 08:41:00','D3',0.261),('2020-01-01 08:42:00','D3',0.233),('2020-01-01 08:43:00','D3',0.075),('2020-01-01 08:44:00','D3',0.310),('2020-01-01 08:45:00','D3',0.050),('2020-01-01 08:46:00','D3',0.306),('2020-01-01 08:47:00','D3',0.695),('2020-01-01 08:48:00','D3',0.362),('2020-01-01 08:49:00','D3',0.334),('2020-01-01 08:50:00','D3',0.004),('2020-01-01 08:51:00','D3',0.791),('2020-01-01 08:52:00','D3',0.176),('2020-01-01 08:53:00','D3',0.333),('2020-01-01 08:54:00','D3',0.854),('2020-01-01 08:55:00','D3',0.873),('2020-01-01 08:56:00','D3',0.455),('2020-01-01 08:57:00','D3',0.957),('2020-01-01 08:58:00','D3',0.383),('2020-01-01 08:59:00','D3',0.590),('2020-01-01 09:00:00','D3',0.341),('2020-01-01 09:01:00','D3',0.768),('2020-01-01 09:02:00','D3',0.008),('2020-01-01 09:03:00','D3',0.827),('2020-01-01 09:04:00','D3',0.108),('2020-01-01 09:05:00','D3',0.139),('2020-01-01 09:06:00','D3',0.933),('2020-01-01 09:07:00','D3',0.226),('2020-01-01 09:08:00','D3',0.116),('2020-01-01 09:09:00','D3',0.242),('2020-01-01 09:10:00','D3',0.487),('2020-01-01 09:11:00','D3',0.856),('2020-01-01 09:12:00','D3',0.563),('2020-01-01 09:13:00','D3',0.416),('2020-01-01 09:14:00','D3',0.870),('2020-01-01 09:15:00','D3',0.725),('2020-01-01 09:16:00','D3',0.338),('2020-01-01 09:17:00','D3',0.738),('2020-01-01 09:18:00','D3',0.443),('2020-01-01 09:19:00','D3',0.726),('2020-01-01 09:20:00','D3',0.128),('2020-01-01 09:21:00','D3',0.374),('2020-01-01 09:22:00','D3',0.551),('2020-01-01 09:23:00','D3',0.381),('2020-01-01 09:24:00','D3',0.005),('2020-01-01 09:25:00','D3',0.347),('2020-01-01 09:26:00','D3',0.362),('2020-01-01 09:27:00','D3',0.447),('2020-01-01 09:28:00','D3',0.896),('2020-01-01 09:29:00','D3',0.922),('2020-01-01 09:30:00','D3',0.354),('2020-01-01 09:31:00','D3',0.042),('2020-01-01 09:32:00','D3',0.728),('2020-01-01 09:33:00','D3',0.720),('2020-01-01 09:34:00','D3',0.907),('2020-01-01 09:35:00','D3',0.453),('2020-01-01 09:36:00','D3',0.502),('2020-01-01 09:37:00','D3',0.996),('2020-01-01 09:38:00','D3',0.890),('2020-01-01 09:39:00','D3',0.206),('2020-01-01 09:40:00','D3',0.278),('2020-01-01 09:41:00','D3',0.269),('2020-01-01 09:42:00','D3',0.304),('2020-01-01 09:43:00','D3',0.290),('2020-01-01 09:44:00','D3',0.828),('2020-01-01 09:45:00','D3',0.634),('2020-01-01 09:46:00','D3',0.766),('2020-01-01 09:47:00','D3',0.649),('2020-01-01 09:48:00','D3',0.731),('2020-01-01 09:49:00','D3',0.643),('2020-01-01 09:50:00','D3',0.100),('2020-01-01 09:51:00','D3',0.187),('2020-01-01 09:52:00','D3',0.792),('2020-01-01 09:53:00','D3',0.575),('2020-01-01 09:54:00','D3',0.357),('2020-01-01 09:55:00','D3',0.579),('2020-01-01 09:56:00','D3',0.997),('2020-01-01 09:57:00','D3',0.317),('2020-01-01 09:58:00','D3',0.367),('2020-01-01 09:59:00','D3',0.101),('2020-01-01 10:00:00','D3',0.617),('2020-01-01 10:01:00','D3',0.825),('2020-01-01 10:02:00','D3',0.283),('2020-01-01 10:03:00','D3',0.554),('2020-01-01 10:04:00','D3',0.741),('2020-01-01 10:05:00','D3',0.304),('2020-01-01 10:06:00','D3',0.697),('2020-01-01 10:07:00','D3',0.125),('2020-01-01 10:08:00','D3',0.222),('2020-01-01 10:09:00','D3',0.859),('2020-01-01 10:10:00','D3',0.558),('2020-01-01 10:11:00','D3',0.648),('2020-01-01 10:12:00','D3',0.975),('2020-01-01 10:13:00','D3',0.322),('2020-01-01 10:14:00','D3',0.556),('2020-01-01 10:15:00','D3',0.354),('2020-01-01 10:16:00','D3',0.639),('2020-01-01 10:17:00','D3',0.387),('2020-01-01 10:18:00','D3',0.614),('2020-01-01 10:19:00','D3',0.608),('2020-01-01 10:20:00','D3',0.826),('2020-01-01 10:21:00','D3',0.958),('2020-01-01 10:22:00','D3',0.844),('2020-01-01 10:23:00','D3',0.578),('2020-01-01 10:24:00','D3',0.587),('2020-01-01 10:25:00','D3',0.856),('2020-01-01 10:26:00','D3',0.661),('2020-01-01 10:27:00','D3',0.993),('2020-01-01 10:28:00','D3',0.268),('2020-01-01 10:29:00','D3',0.612),('2020-01-01 10:30:00','D3',0.727),('2020-01-01 10:31:00','D3',0.420),('2020-01-01 10:32:00','D3',0.609),('2020-01-01 10:33:00','D3',0.117),('2020-01-01 10:34:00','D3',0.080),('2020-01-01 10:35:00','D3',0.519),('2020-01-01 10:36:00','D3',0.827),('2020-01-01 10:37:00','D3',0.309),('2020-01-01 10:38:00','D3',0.084),('2020-01-01 10:39:00','D3',0.776),('2020-01-01 10:40:00','D3',0.409),('2020-01-01 10:41:00','D3',0.935),('2020-01-01 10:42:00','D3',0.821),('2020-01-01 10:43:00','D3',0.124),('2020-01-01 10:44:00','D3',0.524),('2020-01-01 10:45:00','D3',0.635),('2020-01-01 10:46:00','D3',0.155),('2020-01-01 10:47:00','D3',0.668),('2020-01-01 10:48:00','D3',0.289),('2020-01-01 10:49:00','D3',0.261),('2020-01-01 10:50:00','D3',0.997),('2020-01-01 10:51:00','D3',0.457),('2020-01-01 10:52:00','D3',0.589),('2020-01-01 10:53:00','D3',0.390),('2020-01-01 10:54:00','D3',0.201),('2020-01-01 10:55:00','D3',0.884),('2020-01-01 10:56:00','D3',0.825),('2020-01-01 10:57:00','D3',0.449),('2020-01-01 10:58:00','D3',0.147),('2020-01-01 10:59:00','D3',0.815),('2020-01-01 11:00:00','D3',0.702),('2020-01-01 11:01:00','D3',0.726),('2020-01-01 11:02:00','D3',0.289),('2020-01-01 11:03:00','D3',0.010),('2020-01-01 11:04:00','D3',0.183),('2020-01-01 11:05:00','D3',0.835),('2020-01-01 11:06:00','D3',0.861),('2020-01-01 11:07:00','D3',0.736),('2020-01-01 11:08:00','D3',0.789),('2020-01-01 11:09:00','D3',0.840),('2020-01-01 11:10:00','D3',0.499),('2020-01-01 11:11:00','D3',0.718),('2020-01-01 11:12:00','D3',0.715),('2020-01-01 11:13:00','D3',0.370),('2020-01-01 11:14:00','D3',0.729),('2020-01-01 11:15:00','D3',0.762),('2020-01-01 11:16:00','D3',0.645),('2020-01-01 11:17:00','D3',0.517),('2020-01-01 11:18:00','D3',0.173),('2020-01-01 11:19:00','D3',0.423),('2020-01-01 11:20:00','D3',0.727),('2020-01-01 11:21:00','D3',0.209),('2020-01-01 11:22:00','D3',0.831),('2020-01-01 11:23:00','D3',0.084),('2020-01-01 11:24:00','D3',0.887),('2020-01-01 11:25:00','D3',0.071),('2020-01-01 11:26:00','D3',1.000),('2020-01-01 11:27:00','D3',0.677),('2020-01-01 11:28:00','D3',0.572),('2020-01-01 11:29:00','D3',0.456),('2020-01-01 11:30:00','D3',0.205),('2020-01-01 11:31:00','D3',0.082),('2020-01-01 11:32:00','D3',0.030),('2020-01-01 11:33:00','D3',0.492),('2020-01-01 11:34:00','D3',0.050),('2020-01-01 11:35:00','D3',0.909),('2020-01-01 11:36:00','D3',0.456),('2020-01-01 11:37:00','D3',0.470),('2020-01-01 11:38:00','D3',0.017),('2020-01-01 11:39:00','D3',0.986),('2020-01-01 11:40:00','D3',0.685),('2020-01-01 11:41:00','D3',0.840),('2020-01-01 11:42:00','D3',0.070),('2020-01-01 11:43:00','D3',0.373),('2020-01-01 11:44:00','D3',0.604),('2020-01-01 11:45:00','D3',0.426),('2020-01-01 11:46:00','D3',0.385),('2020-01-01 11:47:00','D3',0.138),('2020-01-01 11:48:00','D3',0.165),('2020-01-01 11:49:00','D3',0.192),('2020-01-01 11:50:00','D3',0.635),('2020-01-01 11:51:00','D3',0.424),('2020-01-01 11:52:00','D3',0.673),('2020-01-01 11:53:00','D3',0.043),('2020-01-01 11:54:00','D3',0.061),('2020-01-01 11:55:00','D3',0.617),('2020-01-01 11:56:00','D3',0.004),('2020-01-01 11:57:00','D3',0.702),('2020-01-01 11:58:00','D3',0.973),('2020-01-01 11:59:00','D3',0.475),('2020-01-01 12:00:00','D3',0.578),('2020-01-01 12:01:00','D3',0.661),('2020-01-01 12:02:00','D3',0.428),('2020-01-01 12:03:00','D3',0.193),('2020-01-01 12:04:00','D3',0.167),('2020-01-01 12:05:00','D3',0.553),('2020-01-01 12:06:00','D3',0.569),('2020-01-01 12:07:00','D3',0.260),('2020-01-01 12:08:00','D3',0.093),('2020-01-01 12:09:00','D3',0.092),('2020-01-01 12:10:00','D3',0.529),('2020-01-01 12:11:00','D3',0.855),('2020-01-01 12:12:00','D3',0.970),('2020-01-01 12:13:00','D3',0.871),('2020-01-01 12:14:00','D3',0.848),('2020-01-01 12:15:00','D3',0.255),('2020-01-01 12:16:00','D3',0.903),('2020-01-01 12:17:00','D3',0.921),('2020-01-01 12:18:00','D3',0.066),('2020-01-01 12:19:00','D3',0.409),('2020-01-01 12:20:00','D3',0.982),('2020-01-01 12:21:00','D3',0.898),('2020-01-01 12:22:00','D3',0.549),('2020-01-01 12:23:00','D3',0.382),('2020-01-01 12:24:00','D3',0.983),('2020-01-01 12:25:00','D3',0.182),('2020-01-01 12:26:00','D3',0.597),('2020-01-01 12:27:00','D3',0.872),('2020-01-01 12:28:00','D3',0.416),('2020-01-01 12:29:00','D3',0.963),('2020-01-01 12:30:00','D3',0.608),('2020-01-01 12:31:00','D3',0.346),('2020-01-01 12:32:00','D3',0.450),('2020-01-01 12:33:00','D3',0.586),('2020-01-01 12:34:00','D3',0.376),('2020-01-01 12:35:00','D3',0.663),('2020-01-01 12:36:00','D3',0.793),('2020-01-01 12:37:00','D3',0.071),('2020-01-01 12:38:00','D3',0.628),('2020-01-01 12:39:00','D3',0.228),('2020-01-01 12:40:00','D3',0.292),('2020-01-01 12:40:00','D3',0.292),('2020-01-01 12:40:00','D3',0.292),('2020-01-01 12:43:00','D3',0.814),('2020-01-01 12:44:00','D3',0.895),('2020-01-01 12:45:00','D3',0.143),('2020-01-01 12:46:00','D3',0.278),('2020-01-01 12:47:00','D3',0.201),('2020-01-01 12:48:00','D3',0.609),('2020-01-01 12:49:00','D3',0.910),('2020-01-01 12:50:00','D3',0.610),('2020-01-01 12:51:00','D3',0.705),('2020-01-01 12:52:00','D3',0.269),('2020-01-01 12:53:00','D3',0.217),('2020-01-01 12:54:00','D3',0.197),('2020-01-01 12:55:00','D3',0.460),('2020-01-01 12:56:00','D3',0.261),('2020-01-01 12:57:00','D3',0.653),('2020-01-01 12:58:00','D3',0.514),('2020-01-01 12:59:00','D3',0.054),('2020-01-01 13:00:00','D3',0.809),('2020-01-01 13:01:00','D3',0.163),('2020-01-01 13:02:00','D3',0.241),('2020-01-01 13:03:00','D3',0.765),('2020-01-01 13:04:00','D3',0.083),('2020-01-01 13:05:00','D3',0.803),('2020-01-01 13:06:00','D3',0.571),('2020-01-01 13:07:00','D3',0.144),('2020-01-01 13:08:00','D3',0.189),('2020-01-01 13:08:00','D3',0.189),('2020-01-01 13:10:00','D3',0.141),('2020-01-01 13:11:00','D3',0.173),('2020-01-01 13:12:00','D3',0.030),('2020-01-01 13:13:00','D3',0.947),('2020-01-01 13:14:00','D3',0.162),('2020-01-01 13:15:00','D3',0.539),('2020-01-01 13:16:00','D3',0.150),('2020-01-01 13:17:00','D3',0.791),('2020-01-01 13:18:00','D3',0.925),('2020-01-01 13:19:00','D3',0.851),('2020-01-01 13:20:00','D3',0.931),('2020-01-01 13:21:00','D3',0.623),('2020-01-01 13:22:00','D3',0.042),('2020-01-01 13:23:00','D3',0.766),('2020-01-01 13:24:00','D3',0.931),('2020-01-01 13:25:00','D3',0.677),('2020-01-01 13:26:00','D3',0.668),('2020-01-01 13:27:00','D3',0.066),('2020-01-01 13:27:00','D3',0.066),('2020-01-01 13:29:00','D3',0.331),('2020-01-01 13:30:00','D3',0.489),('2020-01-01 13:31:00','D3',0.706),('2020-01-01 13:32:00','D3',0.351),('2020-01-01 13:33:00','D3',0.144),('2020-01-01 13:34:00','D3',0.409),('2020-01-01 13:35:00','D3',0.723),('2020-01-01 13:36:00','D3',0.332),('2020-01-01 13:37:00','D3',0.495),('2020-01-01 13:38:00','D3',0.761),('2020-01-01 13:39:00','D3',0.684),('2020-01-01 13:40:00','D3',0.315),('2020-01-01 13:41:00','D3',0.799),('2020-01-01 13:42:00','D3',0.318),('2020-01-01 13:42:00','D3',0.318),('2020-01-01 13:44:00','D3',0.545),('2020-01-01 13:45:00','D3',0.809),('2020-01-01 13:46:00','D3',0.559),('2020-01-01 13:47:00','D3',0.490),('2020-01-01 13:48:00','D3',0.759),('2020-01-01 13:49:00','D3',0.404),('2020-01-01 13:50:00','D3',0.449),('2020-01-01 13:51:00','D3',0.384),('2020-01-01 13:52:00','D3',0.602),('2020-01-01 13:53:00','D3',0.645),('2020-01-01 13:54:00','D3',0.455),('2020-01-01 13:55:00','D3',0.825),('2020-01-01 13:55:00','D3',0.825),('2020-01-01 13:57:00','D3',0.581),('2020-01-01 13:58:00','D3',0.645),('2020-01-01 13:59:00','D3',0.897),('2020-01-01 14:00:00','D3',0.321),('2020-01-01 14:01:00','D3',0.443),('2020-01-01 14:02:00','D3',0.493),('2020-01-01 14:03:00','D3',0.910),('2020-01-01 14:04:00','D3',0.211),('2020-01-01 14:05:00','D3',0.436),('2020-01-01 14:06:00','D3',0.447),('2020-01-01 14:07:00','D3',0.079),('2020-01-01 14:08:00','D3',0.941),('2020-01-01 14:09:00','D3',0.260),('2020-01-01 14:10:00','D3',0.419),('2020-01-01 14:11:00','D3',0.240),('2020-01-01 14:12:00','D3',0.146),('2020-01-01 14:13:00','D3',0.893),('2020-01-01 14:14:00','D3',0.076),('2020-01-01 14:15:00','D3',0.146),('2020-01-01 14:16:00','D3',0.079),('2020-01-01 14:17:00','D3',0.909),('2020-01-01 14:18:00','D3',0.251),('2020-01-01 14:19:00','D3',0.734),('2020-01-01 14:20:00','D3',0.229),('2020-01-01 14:21:00','D3',0.801),('2020-01-01 14:22:00','D3',0.824),('2020-01-01 14:23:00','D3',0.494),('2020-01-01 14:24:00','D3',0.424),('2020-01-01 14:25:00','D3',0.356),('2020-01-01 14:26:00','D3',0.142),('2020-01-01 14:27:00','D3',0.753),('2020-01-01 14:28:00','D3',0.177),('2020-01-01 14:29:00','D3',0.109),('2020-01-01 14:30:00','D3',0.442),('2020-01-01 14:31:00','D3',0.233),('2020-01-01 14:32:00','D3',0.085),('2020-01-01 14:33:00','D3',0.312),('2020-01-01 14:34:00','D3',0.738),('2020-01-01 14:35:00','D3',0.736),('2020-01-01 14:36:00','D3',0.330),('2020-01-01 14:37:00','D3',0.658),('2020-01-01 14:38:00','D3',0.338),('2020-01-01 14:39:00','D3',0.172),('2020-01-01 14:40:00','D3',0.723),('2020-01-01 14:41:00','D3',0.178),('2020-01-01 14:42:00','D3',0.499),('2020-01-01 14:43:00','D3',0.440),('2020-01-01 14:44:00','D3',0.256),('2020-01-01 14:45:00','D3',0.396),('2020-01-01 14:46:00','D3',0.695),('2020-01-01 14:47:00','D3',0.872),('2020-01-01 14:48:00','D3',0.870),('2020-01-01 14:49:00','D3',0.787),('2020-01-01 14:50:00','D3',0.687),('2020-01-01 14:51:00','D3',0.021),('2020-01-01 14:52:00','D3',0.943),('2020-01-01 14:53:00','D3',0.064),('2020-01-01 14:54:00','D3',0.815),('2020-01-01 14:55:00','D3',0.626),('2020-01-01 14:56:00','D3',0.073),('2020-01-01 14:57:00','D3',0.611),('2020-01-01 14:58:00','D3',0.972),('2020-01-01 14:59:00','D3',0.441),('2020-01-01 15:00:00','D3',0.866),('2020-01-01 15:01:00','D3',0.650),('2020-01-01 15:02:00','D3',0.288),('2020-01-01 15:03:00','D3',0.483),('2020-01-01 15:04:00','D3',0.761),('2020-01-01 15:05:00','D3',0.353),('2020-01-01 15:06:00','D3',0.865),('2020-01-01 15:07:00','D3',0.946),('2020-01-01 15:08:00','D3',0.443),('2020-01-01 15:09:00','D3',0.171),('2020-01-01 15:10:00','D3',0.811),('2020-01-01 15:11:00','D3',0.672),('2020-01-01 15:12:00','D3',0.979),('2020-01-01 15:13:00','D3',0.115),('2020-01-01 15:14:00','D3',0.443),('2020-01-01 15:15:00','D3',0.599),('2020-01-01 15:16:00','D3',0.649),('2020-01-01 15:17:00','D3',0.574),('2020-01-01 15:18:00','D3',0.739),('2020-01-01 15:19:00','D3',0.055),('2020-01-01 15:20:00','D3',0.384),('2020-01-01 15:21:00','D3',0.547),('2020-01-01 15:22:00','D3',0.061),('2020-01-01 15:23:00','D3',0.109),('2020-01-01 15:24:00','D3',0.803),('2020-01-01 15:25:00','D3',0.812),('2020-01-01 15:26:00','D3',0.700),('2020-01-01 15:27:00','D3',0.454),('2020-01-01 15:28:00','D3',0.149),('2020-01-01 15:29:00','D3',0.676),('2020-01-01 15:30:00','D3',0.021),('2020-01-01 15:31:00','D3',0.440),('2020-01-01 15:32:00','D3',0.806),('2020-01-01 15:33:00','D3',0.400),('2020-01-01 15:34:00','D3',0.866),('2020-01-01 15:35:00','D3',0.974),('2020-01-01 15:36:00','D3',0.664),('2020-01-01 15:37:00','D3',0.322),('2020-01-01 15:38:00','D3',0.389),('2020-01-01 15:39:00','D3',0.938),('2020-01-01 15:40:00','D3',0.347),('2020-01-01 15:41:00','D3',0.986),('2020-01-01 15:42:00','D3',0.688),('2020-01-01 15:43:00','D3',0.689),('2020-01-01 15:44:00','D3',0.182),('2020-01-01 15:45:00','D3',0.283),('2020-01-01 15:46:00','D3',0.433),('2020-01-01 15:47:00','D3',0.976),('2020-01-01 15:48:00','D3',0.843),('2020-01-01 15:49:00','D3',0.760),('2020-01-01 15:50:00','D3',0.206),('2020-01-01 15:51:00','D3',0.298),('2020-01-01 15:52:00','D3',0.811),('2020-01-01 15:53:00','D3',0.721),('2020-01-01 15:54:00','D3',0.382),('2020-01-01 15:55:00','D3',0.340),('2020-01-01 15:56:00','D3',0.131),('2020-01-01 15:57:00','D3',0.733),('2020-01-01 15:58:00','D3',0.246),('2020-01-01 15:59:00','D3',0.613),('2020-01-01 16:00:00','D3',0.479),('2020-01-01 16:01:00','D3',0.415),('2020-01-01 16:02:00','D3',0.455),('2020-01-01 16:03:00','D3',0.848),('2020-01-01 16:04:00','D3',0.195),('2020-01-01 16:05:00','D3',0.196),('2020-01-01 16:06:00','D3',0.097),('2020-01-01 16:07:00','D3',1.000),('2020-01-01 16:08:00','D3',0.793),('2020-01-01 16:09:00','D3',0.812),('2020-01-01 16:10:00','D3',0.390),('2020-01-01 16:11:00','D3',0.952),('2020-01-01 16:12:00','D3',0.424),('2020-01-01 16:13:00','D3',0.910),('2020-01-01 16:14:00','D3',0.484),('2020-01-01 16:15:00','D3',0.131),('2020-01-01 16:16:00','D3',0.902),('2020-01-01 16:17:00','D3',0.054),('2020-01-01 16:18:00','D3',0.900),('2020-01-01 16:19:00','D3',0.293),('2020-01-01 16:20:00','D3',0.202),('2020-01-01 16:21:00','D3',0.820),('2020-01-01 16:22:00','D3',0.947),('2020-01-01 16:23:00','D3',0.659),('2020-01-01 16:24:00','D3',0.800),('2020-01-01 16:25:00','D3',0.399),('2020-01-01 16:26:00','D3',0.786),('2020-01-01 16:27:00','D3',0.462),('2020-01-01 16:28:00','D3',0.812),('2020-01-01 16:29:00','D3',0.356),('2020-01-01 16:30:00','D3',0.930),('2020-01-01 16:31:00','D3',0.683),('2020-01-01 16:32:00','D3',0.668),('2020-01-01 16:33:00','D3',0.720),('2020-01-01 16:34:00','D3',0.656),('2020-01-01 16:35:00','D3',0.449),('2020-01-01 16:36:00','D3',0.960),('2020-01-01 16:37:00','D3',0.612),('2020-01-01 16:38:00','D3',0.175),('2020-01-01 16:39:00','D3',0.114),('2020-01-01 16:40:00','D3',0.195),('2020-01-01 16:41:00','D3',0.001),('2020-01-01 16:42:00','D3',0.456),('2020-01-01 16:43:00','D3',0.517),('2020-01-01 16:44:00','D3',0.410),('2020-01-01 16:45:00','D3',0.955),('2020-01-01 16:46:00','D3',0.256),('2020-01-01 16:47:00','D3',0.307),('2020-01-01 16:48:00','D3',0.981),('2020-01-01 16:49:00','D3',0.015),('2020-01-01 16:50:00','D3',0.273),('2020-01-01 16:51:00','D3',0.492),('2020-01-01 16:52:00','D3',0.521),('2020-01-01 16:53:00','D3',0.871),('2020-01-01 16:54:00','D3',0.325),('2020-01-01 16:55:00','D3',0.571),('2020-01-01 16:56:00','D3',0.451),('2020-01-01 16:57:00','D3',0.597),('2020-01-01 16:58:00','D3',0.110),('2020-01-01 16:59:00','D3',0.710),('2020-01-01 17:00:00','D3',0.688),('2020-01-01 17:01:00','D3',0.089),('2020-01-01 17:02:00','D3',0.413),('2020-01-01 17:03:00','D3',0.418),('2020-01-01 17:04:00','D3',0.901),('2020-01-01 17:05:00','D3',0.199),('2020-01-01 17:06:00','D3',0.603),('2020-01-01 17:07:00','D3',0.100),('2020-01-01 17:08:00','D3',0.969),('2020-01-01 17:09:00','D3',0.299),('2020-01-01 17:10:00','D3',0.859),('2020-01-01 17:11:00','D3',0.671),('2020-01-01 17:12:00','D3',0.581),('2020-01-01 17:13:00','D3',0.647),('2020-01-01 17:14:00','D3',0.875),('2020-01-01 17:15:00','D3',0.152),('2020-01-01 17:16:00','D3',0.414),('2020-01-01 17:17:00','D3',0.991),('2020-01-01 17:18:00','D3',0.703),('2020-01-01 17:19:00','D3',0.786),('2020-01-01 17:20:00','D3',0.958),('2020-01-01 17:21:00','D3',0.278),('2020-01-01 17:22:00','D3',0.989),('2020-01-01 17:23:00','D3',0.753),('2020-01-01 17:24:00','D3',0.856),('2020-01-01 17:25:00','D3',0.243),('2020-01-01 17:26:00','D3',0.125),('2020-01-01 17:27:00','D3',0.010),('2020-01-01 17:28:00','D3',0.553),('2020-01-01 17:29:00','D3',0.878),('2020-01-01 17:30:00','D3',0.705),('2020-01-01 17:31:00','D3',0.126),('2020-01-01 17:32:00','D3',0.204),('2020-01-01 17:33:00','D3',0.488),('2020-01-01 17:34:00','D3',0.266),('2020-01-01 17:35:00','D3',0.228),('2020-01-01 17:36:00','D3',0.995),('2020-01-01 17:37:00','D3',0.111),('2020-01-01 17:38:00','D3',0.504),('2020-01-01 17:39:00','D3',0.367),('2020-01-01 17:40:00','D3',0.491),('2020-01-01 17:41:00','D3',0.572),('2020-01-01 17:42:00','D3',0.002),('2020-01-01 17:43:00','D3',0.623),('2020-01-01 17:44:00','D3',0.191),('2020-01-01 17:45:00','D3',0.339),('2020-01-01 17:46:00','D3',0.078),('2020-01-01 17:47:00','D3',0.317),('2020-01-01 17:48:00','D3',0.192),('2020-01-01 17:49:00','D3',0.645),('2020-01-01 17:50:00','D3',0.509),('2020-01-01 17:51:00','D3',0.503),('2020-01-01 17:52:00','D3',0.753),('2020-01-01 17:53:00','D3',0.042),('2020-01-01 17:54:00','D3',0.745),('2020-01-01 17:55:00','D3',0.752),('2020-01-01 17:56:00','D3',0.610),('2020-01-01 17:57:00','D3',0.699),('2020-01-01 17:58:00','D3',0.716),('2020-01-01 17:59:00','D3',0.916),('2020-01-01 18:00:00','D3',0.073),('2020-01-01 18:01:00','D3',0.229),('2020-01-01 18:02:00','D3',0.504),('2020-01-01 18:03:00','D3',0.135),('2020-01-01 18:04:00','D3',0.307),('2020-01-01 18:05:00','D3',0.791),('2020-01-01 18:06:00','D3',0.941),('2020-01-01 18:07:00','D3',0.912),('2020-01-01 18:08:00','D3',0.700),('2020-01-01 18:09:00','D3',0.547),('2020-01-01 18:10:00','D3',0.672),('2020-01-01 18:11:00','D3',0.415),('2020-01-01 18:12:00','D3',0.895),('2020-01-01 18:13:00','D3',0.255),('2020-01-01 18:14:00','D3',0.339),('2020-01-01 18:15:00','D3',0.563),('2020-01-01 18:16:00','D3',0.905),('2020-01-01 18:17:00','D3',0.990),('2020-01-01 18:18:00','D3',0.329),('2020-01-01 18:19:00','D3',0.611),('2020-01-01 18:20:00','D3',0.667),('2020-01-01 18:21:00','D3',0.458),('2020-01-01 18:22:00','D3',0.950),('2020-01-01 18:23:00','D3',0.113),('2020-01-01 18:24:00','D3',0.586),('2020-01-01 18:25:00','D3',0.401),('2020-01-01 18:26:00','D3',0.005),('2020-01-01 18:27:00','D3',0.178),('2020-01-01 18:28:00','D3',0.864),('2020-01-01 18:29:00','D3',0.898),('2020-01-01 18:30:00','D3',0.460),('2020-01-01 18:31:00','D3',0.858),('2020-01-01 18:32:00','D3',0.896),('2020-01-01 18:33:00','D3',0.176),('2020-01-01 18:34:00','D3',0.340),('2020-01-01 18:35:00','D3',0.375),('2020-01-01 18:36:00','D3',0.587),('2020-01-01 18:37:00','D3',0.695),('2020-01-01 18:38:00','D3',0.996),('2020-01-01 18:39:00','D3',0.635),('2020-01-01 18:40:00','D3',0.251),('2020-01-01 18:41:00','D3',0.867),('2020-01-01 18:42:00','D3',0.660),('2020-01-01 18:43:00','D3',0.145),('2020-01-01 18:44:00','D3',0.620),('2020-01-01 18:45:00','D3',0.772),('2020-01-01 18:46:00','D3',0.529),('2020-01-01 18:47:00','D3',0.019),('2020-01-01 18:48:00','D3',0.609),('2020-01-01 18:49:00','D3',0.586),('2020-01-01 18:50:00','D3',0.672),('2020-01-01 18:51:00','D3',0.224),('2020-01-01 18:52:00','D3',0.696),('2020-01-01 18:53:00','D3',0.289),('2020-01-01 18:54:00','D3',0.735),('2020-01-01 18:55:00','D3',0.602),('2020-01-01 18:56:00','D3',0.158),('2020-01-01 18:57:00','D3',0.404),('2020-01-01 18:58:00','D3',0.752),('2020-01-01 18:59:00','D3',0.490),('2020-01-01 19:00:00','D3',0.963),('2020-01-01 19:01:00','D3',0.112),('2020-01-01 19:02:00','D3',0.379),('2020-01-01 19:03:00','D3',0.957),('2020-01-01 19:04:00','D3',0.813),('2020-01-01 19:05:00','D3',0.165),('2020-01-01 19:06:00','D3',0.514),('2020-01-01 19:07:00','D3',0.764),('2020-01-01 19:08:00','D3',0.674),('2020-01-01 19:09:00','D3',0.381),('2020-01-01 19:10:00','D3',0.567),('2020-01-01 19:11:00','D3',0.165),('2020-01-01 19:12:00','D3',0.172),('2020-01-01 19:13:00','D3',0.387),('2020-01-01 19:14:00','D3',0.634),('2020-01-01 19:15:00','D3',0.581),('2020-01-01 19:16:00','D3',0.373),('2020-01-01 19:17:00','D3',0.485),('2020-01-01 19:18:00','D3',0.431),('2020-01-01 19:19:00','D3',0.997),('2020-01-01 19:20:00','D3',0.810),('2020-01-01 19:21:00','D3',0.182),('2020-01-01 19:22:00','D3',0.119),('2020-01-01 19:23:00','D3',0.638),('2020-01-01 19:24:00','D3',0.094),('2020-01-01 19:25:00','D3',0.966),('2020-01-01 19:26:00','D3',0.108),('2020-01-01 19:27:00','D3',0.139),('2020-01-01 19:28:00','D3',0.076),('2020-01-01 19:29:00','D3',0.363),('2020-01-01 19:30:00','D3',0.496),('2020-01-01 19:31:00','D3',0.936),('2020-01-01 19:32:00','D3',0.344),('2020-01-01 19:33:00','D3',0.189),('2020-01-01 19:34:00','D3',0.060),('2020-01-01 19:35:00','D3',0.055),('2020-01-01 19:36:00','D3',0.763),('2020-01-01 19:37:00','D3',0.174),('2020-01-01 19:38:00','D3',0.611),('2020-01-01 19:39:00','D3',0.833),('2020-01-01 19:40:00','D3',0.885),('2020-01-01 19:41:00','D3',0.799),('2020-01-01 19:42:00','D3',0.094),('2020-01-01 19:43:00','D3',0.351),('2020-01-01 19:44:00','D3',0.323),('2020-01-01 19:45:00','D3',0.308),('2020-01-01 19:46:00','D3',0.010),('2020-01-01 19:47:00','D3',0.509),('2020-01-01 19:48:00','D3',0.593),('2020-01-01 19:49:00','D3',0.285),('2020-01-01 19:50:00','D3',0.650),('2020-01-01 19:51:00','D3',0.776),('2020-01-01 19:52:00','D3',0.500),('2020-01-01 19:53:00','D3',0.152),('2020-01-01 19:54:00','D3',0.096),('2020-01-01 19:55:00','D3',0.575),('2020-01-01 19:56:00','D3',0.903),('2020-01-01 19:57:00','D3',0.190),('2020-01-01 19:58:00','D3',0.199),('2020-01-01 19:59:00','D3',0.187),('2020-01-01 20:00:00','D3',0.531),('2020-01-01 20:01:00','D3',0.416),('2020-01-01 20:02:00','D3',0.528),('2020-01-01 20:03:00','D3',0.812),('2020-01-01 20:04:00','D3',0.622),('2020-01-01 20:05:00','D3',0.776),('2020-01-01 20:06:00','D3',0.818),('2020-01-01 20:07:00','D3',0.128),('2020-01-01 20:08:00','D3',0.319),('2020-01-01 20:09:00','D3',0.593),('2020-01-01 20:10:00','D3',0.569),('2020-01-01 20:11:00','D3',0.296),('2020-01-01 20:12:00','D3',0.118),('2020-01-01 20:13:00','D3',0.191),('2020-01-01 20:14:00','D3',0.293),('2020-01-01 20:15:00','D3',0.856),('2020-01-01 20:16:00','D3',0.208),('2020-01-01 20:17:00','D3',0.904),('2020-01-01 20:18:00','D3',0.330),('2020-01-01 20:19:00','D3',0.364),('2020-01-01 20:20:00','D3',0.156),('2020-01-01 20:21:00','D3',0.436),('2020-01-01 20:22:00','D3',0.316),('2020-01-01 20:23:00','D3',0.951),('2020-01-01 20:24:00','D3',0.268),('2020-01-01 20:25:00','D3',0.682),('2020-01-01 20:26:00','D3',0.130),('2020-01-01 20:27:00','D3',0.197),('2020-01-01 20:28:00','D3',0.913),('2020-01-01 20:29:00','D3',0.687),('2020-01-01 20:30:00','D3',0.616),('2020-01-01 20:31:00','D3',0.854),('2020-01-01 20:32:00','D3',0.224),('2020-01-01 20:33:00','D3',0.334),('2020-01-01 20:34:00','D3',0.423),('2020-01-01 20:35:00','D3',0.977),('2020-01-01 20:36:00','D3',0.925),('2020-01-01 20:37:00','D3',0.776),('2020-01-01 20:38:00','D3',0.108),('2020-01-01 20:39:00','D3',0.964),('2020-01-01 20:40:00','D3',0.428),('2020-01-01 20:41:00','D3',0.342),('2020-01-01 20:42:00','D3',0.994),('2020-01-01 20:43:00','D3',0.878),('2020-01-01 20:44:00','D3',0.997),('2020-01-01 20:45:00','D3',0.870),('2020-01-01 20:46:00','D3',0.381),('2020-01-01 20:47:00','D3',0.138),('2020-01-01 20:48:00','D3',0.519),('2020-01-01 20:49:00','D3',0.957),('2020-01-01 20:50:00','D3',0.392),('2020-01-01 20:51:00','D3',0.367),('2020-01-01 20:52:00','D3',0.334),('2020-01-01 20:53:00','D3',0.661),('2020-01-01 20:54:00','D3',0.123),('2020-01-01 20:55:00','D3',0.729),('2020-01-01 20:56:00','D3',0.668),('2020-01-01 20:57:00','D3',0.520),('2020-01-01 20:58:00','D3',0.799),('2020-01-01 20:59:00','D3',0.560),('2020-01-01 21:00:00','D3',0.432),('2020-01-01 21:01:00','D3',0.615),('2020-01-01 21:02:00','D3',0.301),('2020-01-01 21:03:00','D3',0.504),('2020-01-01 21:04:00','D3',0.544),('2020-01-01 21:05:00','D3',0.579),('2020-01-01 21:06:00','D3',0.797),('2020-01-01 21:07:00','D3',0.610),('2020-01-01 21:08:00','D3',0.473),('2020-01-01 21:09:00','D3',0.069),('2020-01-01 21:10:00','D3',0.185),('2020-01-01 21:11:00','D3',0.073),('2020-01-01 21:12:00','D3',0.403),('2020-01-01 21:13:00','D3',0.246),('2020-01-01 21:14:00','D3',0.729),('2020-01-01 21:15:00','D3',0.387),('2020-01-01 21:16:00','D3',0.270),('2020-01-01 21:17:00','D3',0.249),('2020-01-01 21:18:00','D3',0.547),('2020-01-01 21:19:00','D3',0.679),('2020-01-01 21:20:00','D3',0.946),('2020-01-01 21:21:00','D3',0.440),('2020-01-01 21:22:00','D3',0.630),('2020-01-01 21:23:00','D3',0.913),('2020-01-01 21:24:00','D3',0.006),('2020-01-01 21:25:00','D3',0.490),('2020-01-01 21:26:00','D3',0.617),('2020-01-01 21:27:00','D3',0.469),('2020-01-01 21:28:00','D3',0.830),('2020-01-01 21:29:00','D3',0.970),('2020-01-01 21:30:00','D3',0.918),('2020-01-01 21:31:00','D3',0.309),('2020-01-01 21:32:00','D3',0.308),('2020-01-01 21:33:00','D3',0.214),('2020-01-01 21:34:00','D3',0.625),('2020-01-01 21:35:00','D3',0.611),('2020-01-01 21:36:00','D3',0.991),('2020-01-01 21:37:00','D3',0.619),('2020-01-01 21:38:00','D3',0.311),('2020-01-01 21:39:00','D3',0.232),('2020-01-01 21:40:00','D3',0.413),('2020-01-01 21:41:00','D3',0.478),('2020-01-01 21:42:00','D3',0.019),('2020-01-01 21:43:00','D3',0.864),('2020-01-01 21:44:00','D3',0.159),('2020-01-01 21:45:00','D3',0.654),('2020-01-01 21:46:00','D3',0.672),('2020-01-01 21:47:00','D3',0.045),('2020-01-01 21:48:00','D3',0.451),('2020-01-01 21:49:00','D3',0.122),('2020-01-01 21:50:00','D3',0.680),('2020-01-01 21:51:00','D3',0.472),('2020-01-01 21:52:00','D3',0.223),('2020-01-01 21:53:00','D3',0.453),('2020-01-01 21:54:00','D3',0.745),('2020-01-01 21:55:00','D3',0.211),('2020-01-01 21:56:00','D3',0.108),('2020-01-01 21:57:00','D3',0.841),('2020-01-01 21:58:00','D3',0.728),('2020-01-01 21:59:00','D3',0.481),('2020-01-01 22:00:00','D3',0.327),('2020-01-01 22:01:00','D3',0.145),('2020-01-01 22:02:00','D3',0.982),('2020-01-01 22:03:00','D3',0.633),('2020-01-01 22:04:00','D3',0.196),('2020-01-01 22:05:00','D3',0.711),('2020-01-01 22:06:00','D3',0.734),('2020-01-01 22:07:00','D3',0.866),('2020-01-01 22:08:00','D3',0.859),('2020-01-01 22:09:00','D3',0.481),('2020-01-01 22:10:00','D3',0.925),('2020-01-01 22:11:00','D3',0.960),('2020-01-01 22:12:00','D3',0.902),('2020-01-01 22:13:00','D3',0.981),('2020-01-01 22:14:00','D3',0.448),('2020-01-01 22:15:00','D3',0.058),('2020-01-01 22:16:00','D3',0.704),('2020-01-01 22:17:00','D3',0.313),('2020-01-01 22:18:00','D3',0.842),('2020-01-01 22:19:00','D3',0.058),('2020-01-01 22:20:00','D3',0.719),('2020-01-01 22:21:00','D3',0.188),('2020-01-01 22:22:00','D3',0.338),('2020-01-01 22:23:00','D3',0.746),('2020-01-01 22:24:00','D3',0.431),('2020-01-01 22:25:00','D3',0.404),('2020-01-01 22:26:00','D3',0.585),('2020-01-01 22:27:00','D3',0.166),('2020-01-01 22:28:00','D3',0.349),('2020-01-01 22:29:00','D3',0.871),('2020-01-01 22:30:00','D3',0.558),('2020-01-01 22:31:00','D3',0.065),('2020-01-01 22:32:00','D3',0.286),('2020-01-01 22:33:00','D3',0.457),('2020-01-01 22:34:00','D3',0.864),('2020-01-01 22:35:00','D3',0.462),('2020-01-01 22:36:00','D3',0.084),('2020-01-01 22:37:00','D3',0.472),('2020-01-01 22:38:00','D3',0.155),('2020-01-01 22:39:00','D3',0.534),('2020-01-01 22:40:00','D3',0.156),('2020-01-01 22:41:00','D3',0.565),('2020-01-01 22:42:00','D3',0.407),('2020-01-01 22:43:00','D3',0.026),('2020-01-01 22:44:00','D3',0.440),('2020-01-01 22:45:00','D3',0.183),('2020-01-01 22:46:00','D3',0.597),('2020-01-01 22:47:00','D3',0.359),('2020-01-01 22:48:00','D3',0.876),('2020-01-01 22:49:00','D3',0.488),('2020-01-01 22:50:00','D3',0.698),('2020-01-01 22:51:00','D3',0.441),('2020-01-01 22:52:00','D3',0.061),('2020-01-01 22:53:00','D3',0.830),('2020-01-01 22:54:00','D3',0.973),('2020-01-01 22:55:00','D3',0.953),('2020-01-01 22:56:00','D3',0.551),('2020-01-01 22:57:00','D3',0.450),('2020-01-01 22:58:00','D3',0.274),('2020-01-01 22:59:00','D3',0.524),('2020-01-01 23:00:00','D3',0.168),('2020-01-01 23:01:00','D3',0.059),('2020-01-01 23:02:00','D3',0.420),('2020-01-01 23:03:00','D3',0.809),('2020-01-01 23:04:00','D3',0.755),('2020-01-01 23:05:00','D3',0.369),('2020-01-01 23:06:00','D3',0.751),('2020-01-01 23:07:00','D3',0.918),('2020-01-01 23:08:00','D3',0.059),('2020-01-01 23:09:00','D3',0.406),('2020-01-01 23:10:00','D3',0.636),('2020-01-01 23:11:00','D3',0.061),('2020-01-01 23:12:00','D3',0.785),('2020-01-01 23:13:00','D3',0.704),('2020-01-01 23:14:00','D3',0.081),('2020-01-01 23:15:00','D3',0.535),('2020-01-01 23:16:00','D3',0.453),('2020-01-01 23:17:00','D3',0.026),('2020-01-01 23:18:00','D3',0.537),('2020-01-01 23:19:00','D3',0.373),('2020-01-01 23:20:00','D3',0.337),('2020-01-01 23:21:00','D3',0.337),('2020-01-01 23:22:00','D3',0.705),('2020-01-01 23:23:00','D3',0.098),('2020-01-01 23:24:00','D3',0.669),('2020-01-01 23:25:00','D3',0.147),('2020-01-01 23:26:00','D3',0.407),('2020-01-01 23:27:00','D3',0.997),('2020-01-01 23:28:00','D3',0.266),('2020-01-01 23:29:00','D3',0.175),('2020-01-01 23:30:00','D3',0.589),('2020-01-01 23:31:00','D3',0.256),('2020-01-01 23:32:00','D3',0.935),('2020-01-01 23:33:00','D3',0.552),('2020-01-01 23:34:00','D3',0.119),('2020-01-01 23:35:00','D3',0.131),('2020-01-01 23:36:00','D3',0.317),('2020-01-01 23:37:00','D3',0.388),('2020-01-01 23:38:00','D3',0.338),('2020-01-01 23:39:00','D3',0.014),('2020-01-01 23:40:00','D3',0.328),('2020-01-01 23:41:00','D3',0.620),('2020-01-01 23:42:00','D3',0.252),('2020-01-01 23:43:00','D3',0.928),('2020-01-01 23:44:00','D3',0.971),('2020-01-01 23:45:00','D3',0.469),('2020-01-01 23:46:00','D3',0.838),('2020-01-01 23:47:00','D3',0.480),('2020-01-01 23:48:00','D3',0.125),('2020-01-01 23:49:00','D3',0.755),('2020-01-01 23:50:00','D3',0.192),('2020-01-01 23:51:00','D3',0.777),('2020-01-01 23:52:00','D3',0.806),('2020-01-01 23:53:00','D3',0.532),('2020-01-01 23:54:00','D3',0.149),('2020-01-01 23:55:00','D3',0.142),('2020-01-01 23:56:00','D3',0.584),('2020-01-01 23:57:00','D3',0.228),('2020-01-01 23:58:00','D3',0.554),('2020-01-01 23:59:00','D3',0.713);
/*!40000 ALTER TABLE `USECASE3` ENABLE KEYS */;
UNLOCK TABLES;

--
-- Table structure for table `agent`
--

DROP TABLE IF EXISTS `agent`;
/*!40101 SET @saved_cs_client     = @@character_set_client */;
/*!40101 SET character_set_client = utf8 */;
CREATE TABLE `agent` (
  `agent_code` char(4) NOT NULL,
  `agent_name` varchar(20) NOT NULL,
  `country` varchar(20) DEFAULT NULL,
  `status` tinyint(4) DEFAULT NULL,
  `commission_percentage` decimal(3,2) DEFAULT NULL,
  PRIMARY KEY (`agent_code`)
) ENGINE=InnoDB DEFAULT CHARSET=utf8mb4 COMMENT='Agent Table';
/*!40101 SET character_set_client = @saved_cs_client */;

--
-- Dumping data for table `agent`
--

LOCK TABLES `agent` WRITE;
/*!40000 ALTER TABLE `agent` DISABLE KEYS */;
INSERT INTO `agent` VALUES ('A001','Joe','Canada',0,0.20),('A002','Sara','India',1,0.96),('A003','Wiley','Bahamas',1,0.23),('A004','Katniss','Ireland',1,0.12),('A005','Arjun','India',0,0.76);
/*!40000 ALTER TABLE `agent` ENABLE KEYS */;
UNLOCK TABLES;

--
-- Table structure for table `agent_details`
--

DROP TABLE IF EXISTS `agent_details`;
/*!40101 SET @saved_cs_client     = @@character_set_client */;
/*!40101 SET character_set_client = utf8 */;
CREATE TABLE `agent_details` (
  `agent_code` char(4) NOT NULL,
  `agent_name` varchar(20) NOT NULL,
  `country` varchar(20) DEFAULT NULL,
  `status` tinyint(4) DEFAULT NULL,
  `commission_percentage` decimal(3,2) DEFAULT NULL
) ENGINE=InnoDB DEFAULT CHARSET=utf8mb4;
/*!40101 SET character_set_client = @saved_cs_client */;

--
-- Dumping data for table `agent_details`
--

LOCK TABLES `agent_details` WRITE;
/*!40000 ALTER TABLE `agent_details` DISABLE KEYS */;
INSERT INTO `agent_details` VALUES ('A001','Joe','Canada',0,0.20),('A002','Sara','India',1,0.96),('A003','Wiley','Bahamas',1,0.23),('A004','Katniss','Ireland',1,0.12),('A005','Arjun','India',0,0.76);
/*!40000 ALTER TABLE `agent_details` ENABLE KEYS */;
UNLOCK TABLES;

--
-- Table structure for table `customer`
--

DROP TABLE IF EXISTS `customer`;
/*!40101 SET @saved_cs_client     = @@character_set_client */;
/*!40101 SET character_set_client = utf8 */;
CREATE TABLE `customer` (
  `cust_code` char(4) NOT NULL,
  `cust_name` varchar(20) NOT NULL,
  `cust_city` varchar(20) DEFAULT NULL,
  `phone_no` bigint(20) DEFAULT NULL,
  `agent_code` char(4) DEFAULT NULL,
  PRIMARY KEY (`cust_code`),
  KEY `agent_code` (`agent_code`),
  CONSTRAINT `tendigits` CHECK (`phone_no` between 1000000000 and 9999999999)
) ENGINE=InnoDB DEFAULT CHARSET=utf8mb4 COMMENT='Customer Table';
/*!40101 SET character_set_client = @saved_cs_client */;

--
-- Dumping data for table `customer`
--

LOCK TABLES `customer` WRITE;
/*!40000 ALTER TABLE `customer` DISABLE KEYS */;
INSERT INTO `customer` VALUES ('C001','Albert','Chennai',9798865876,'A001'),('C002','Ravi','Bangalore',9876123456,'A002'),('C003','Archana','Chennai',9452309812,'A004'),('C004','Riya','Trichy',9612309876,'A002'),('C005','Pavithra','Kanyakumari',9612309856,'A005');
/*!40000 ALTER TABLE `customer` ENABLE KEYS */;
UNLOCK TABLES;

--
-- Table structure for table `customertable`
--

DROP TABLE IF EXISTS `customertable`;
/*!40101 SET @saved_cs_client     = @@character_set_client */;
/*!40101 SET character_set_client = utf8 */;
CREATE TABLE `customertable` (
  `cust_code` char(4) NOT NULL,
  `cust_name` varchar(20) NOT NULL,
  `cust_city` varchar(20) DEFAULT NULL,
  `phone_no` bigint(20) DEFAULT NULL,
  `agent_code` char(4) NOT NULL,
  PRIMARY KEY (`cust_code`),
  KEY `custfk` (`agent_code`),
  CONSTRAINT `custfk` FOREIGN KEY (`agent_code`) REFERENCES `agent` (`agent_code`)
) ENGINE=InnoDB DEFAULT CHARSET=utf8mb4 COMMENT='Customer Table';
/*!40101 SET character_set_client = @saved_cs_client */;

--
-- Dumping data for table `customertable`
--

LOCK TABLES `customertable` WRITE;
/*!40000 ALTER TABLE `customertable` DISABLE KEYS */;
/*!40000 ALTER TABLE `customertable` ENABLE KEYS */;
UNLOCK TABLES;

--
-- Table structure for table `order_table`
--

DROP TABLE IF EXISTS `order_table`;
/*!40101 SET @saved_cs_client     = @@character_set_client */;
/*!40101 SET character_set_client = utf8 */;
CREATE TABLE `order_table` (
  `order_num` char(4) NOT NULL,
  `cust_code` char(4) NOT NULL,
  `agent_code` char(4) NOT NULL,
  `amount` int(11) DEFAULT NULL,
  `order_date` date DEFAULT NULL,
  PRIMARY KEY (`order_num`),
  KEY `cust_code` (`cust_code`),
  KEY `agent_code` (`agent_code`),
  CONSTRAINT `order_table_ibfk_1` FOREIGN KEY (`cust_code`) REFERENCES `customer` (`cust_code`),
  CONSTRAINT `order_table_ibfk_2` FOREIGN KEY (`agent_code`) REFERENCES `agent` (`agent_code`)
) ENGINE=InnoDB DEFAULT CHARSET=utf8mb4 COMMENT='Order Table';
/*!40101 SET character_set_client = @saved_cs_client */;

--
-- Dumping data for table `order_table`
--

LOCK TABLES `order_table` WRITE;
/*!40000 ALTER TABLE `order_table` DISABLE KEYS */;
INSERT INTO `order_table` VALUES ('O001','C001','A001',50000,'2012-02-21'),('O002','C002','A002',3000,'2026-03-21'),('O003','C005','A004',25000,'2021-01-21'),('O004','C003','A003',6000,'2006-03-21'),('O005','C004','A005',10000,'2013-09-19');
/*!40000 ALTER TABLE `order_table` ENABLE KEYS */;
UNLOCK TABLES;

--
-- Table structure for table `ordertable`
--

DROP TABLE IF EXISTS `ordertable`;
/*!40101 SET @saved_cs_client     = @@character_set_client */;
/*!40101 SET character_set_client = utf8 */;
CREATE TABLE `ordertable` (
  `order_num` char(4) NOT NULL,
  `cust_code` char(4) NOT NULL,
  `agent_code` char(4) NOT NULL,
  `amount` int(11) DEFAULT NULL,
  `order_date` date DEFAULT NULL,
  PRIMARY KEY (`order_num`),
  KEY `cust_code` (`cust_code`),
  KEY `agent_code` (`agent_code`),
  CONSTRAINT `ordertable_ibfk_1` FOREIGN KEY (`cust_code`) REFERENCES `customer` (`cust_code`),
  CONSTRAINT `ordertable_ibfk_2` FOREIGN KEY (`agent_code`) REFERENCES `agent` (`agent_code`)
) ENGINE=InnoDB DEFAULT CHARSET=utf8mb4 COMMENT='Order Table';
/*!40101 SET character_set_client = @saved_cs_client */;

--
-- Dumping data for table `ordertable`
--

LOCK TABLES `ordertable` WRITE;
/*!40000 ALTER TABLE `ordertable` DISABLE KEYS */;
/*!40000 ALTER TABLE `ordertable` ENABLE KEYS */;
UNLOCK TABLES;
/*!40103 SET TIME_ZONE=@OLD_TIME_ZONE */;

/*!40101 SET SQL_MODE=@OLD_SQL_MODE */;
/*!40014 SET FOREIGN_KEY_CHECKS=@OLD_FOREIGN_KEY_CHECKS */;
/*!40014 SET UNIQUE_CHECKS=@OLD_UNIQUE_CHECKS */;
/*!40101 SET CHARACTER_SET_CLIENT=@OLD_CHARACTER_SET_CLIENT */;
/*!40101 SET CHARACTER_SET_RESULTS=@OLD_CHARACTER_SET_RESULTS */;
/*!40101 SET COLLATION_CONNECTION=@OLD_COLLATION_CONNECTION */;
/*!40111 SET SQL_NOTES=@OLD_SQL_NOTES */;

-- Dump completed on 2021-04-29  6:45:26
